member_path,file_name,cell_id,cell_family,chemistry_type,temperature_deg_c,voltage_v,n_points,freq_min_hz,freq_max_hz,n_voigt_elements,mu,max_abs_residual_real,max_abs_residual_imag,max_abs_residual,rms_residual,worst_residual_freq_hz,worst_residual_at_frequency_extreme,kk_consistent
raw_EIS_plotting/TC23LFP04/auxiliary/20231113_TC23LFP04_3187mV_25gradC_EIS.csv,20231113_TC23LFP04_3187mV_25gradC_EIS.csv,TC23LFP04,LFP,lithium-ion,25.0,3.187,32,0.05,10000.0,10,0.8152536432609112,0.03284593936235667,0.026151916798766335,0.03284593936235667,0.011815269631128705,0.15,False,False
raw_EIS_plotting/TC23LFP04/auxiliary/20231113_TC23LFP04_3214mV_25gradC_EIS.csv,20231113_TC23LFP04_3214mV_25gradC_EIS.csv,TC23LFP04,LFP,lithium-ion,25.0,3.214,32,0.05,10000.0,11,0.9665327525475162,0.014046759755265436,0.013914368122596036,0.014046759755265436,0.005082690143640405,0.15,False,True
raw_EIS_plotting/TC23LFP04/auxiliary/20231113_TC23LFP04_3246mV_25gradC_EIS.csv,20231113_TC23LFP04_3246mV_25gradC_EIS.csv,TC23LFP04,LFP,lithium-ion,25.0,3.246,32,0.05,10000.0,10,0.839844263305911,0.028951028997215654,0.023017122320817977,0.028951028997215654,0.010398164875636232,0.15,False,False
raw_EIS_plotting/TC23LFP04/auxiliary/20231113_TC23LFP04_3271mV_27gradC_EIS.csv,20231113_TC23LFP04_3271mV_27gradC_EIS.csv,TC23LFP04,LFP,lithium-ion,27.0,3.271,32,0.05,10000.0,11,0.9724106752191309,0.010854670849863121,0.010048115863313625,0.010854670849863121,0.004023382603253704,0.15,False,True
raw_EIS_plotting/TC23LFP04/auxiliary/20231113_TC23LFP04_3279mV_26gradC_EIS.csv,20231113_TC23LFP04_3279mV_26gradC_EIS.csv,TC23LFP04,LFP,lithium-ion,26.0,3.279,32,0.05,10000.0,11,0.9570200828190996,0.01461024086564312,0.013628079914543508,0.01461024086564312,0.005476151594282103,0.15,False,True
raw_EIS_plotting/TC23LFP04/auxiliary/20231113_TC23LFP04_3287mV_25gradC_EIS.csv,20231113_TC23LFP04_3287mV_25gradC_EIS.csv,TC23LFP04,LFP,lithium-ion,25.0,3.287,32,0.05,10000.0,12,0.967997295637399,0.0072596828493649655,0.009296379581785901,0.009296379581785901,0.003371636360155228,0.1,True,True
raw_EIS_plotting/TC23LFP04/auxiliary/20231113_TC23LFP04_3297mV_25gradC_EIS.csv,20231113_TC23LFP04_3297mV_25gradC_EIS.csv,TC23LFP04,LFP,lithium-ion,25.0,3.297,32,0.05,10000.0,11,0.9713537455305759,0.009734995344992737,0.011249673731549042,0.011249673731549042,0.004027120935559711,0.1,True,True
raw_EIS_plotting/TC23LFP04/auxiliary/20231113_TC23LFP04_3316mV_25gradC_EIS.csv,20231113_TC23LFP04_3316mV_25gradC_EIS.csv,TC23LFP04,LFP,lithium-ion,25.0,3.316,32,0.05,10000.0,11,0.9711318757469157,0.013630373045306086,0.01619902054404323,0.01619902054404323,0.005635931804489158,0.1,True,True
raw_EIS_plotting/TC23LFP04/auxiliary/20231113_TC23LFP04_3321mV_24gradC_EIS.csv,20231113_TC23LFP04_3321mV_24gradC_EIS.csv,TC23LFP04,LFP,lithium-ion,24.0,3.321,32,0.05,10000.0,12,0.9700332963899004,0.005464372178747403,0.007662850420902548,0.007662850420902548,0.0026246634755671063,0.1,True,True
raw_EIS_plotting/TC23LFP04/auxiliary/20231113_TC23LFP04_3455mV_25gradC_EIS.csv,20231113_TC23LFP04_3455mV_25gradC_EIS.csv,TC23LFP04,LFP,lithium-ion,25.0,3.455,32,0.05,10000.0,12,0.97964376695588,0.00898706000464211,0.006488268510955662,0.00898706000464211,0.0037103981478333976,0.15,False,True
raw_EIS_plotting/TC23LTO04/auxiliary/20231113_TC23LTO04_2343mV_25gradC_EIS.csv,20231113_TC23LTO04_2343mV_25gradC_EIS.csv,TC23LTO04,LTO,lithium-ion,25.0,2.343,32,0.05,10000.0,12,0.6015714964996877,0.0078867284263594,0.0057359535727976065,0.0078867284263594,0.002955247355695708,0.15,False,True
raw_EIS_plotting/TC23LTO04/auxiliary/20231113_TC23LTO04_2345mV_25gradC_EIS.csv,20231113_TC23LTO04_2345mV_25gradC_EIS.csv,TC23LTO04,LTO,lithium-ion,25.0,2.345,32,0.05,10000.0,11,0.5312928450151138,0.009370036291588866,0.005650151961040566,0.009370036291588866,0.003096886070112277,0.15,False,True
raw_EIS_plotting/TC23LTO04/auxiliary/20231113_TC23LTO04_2347mV_25gradC_EIS.csv,20231113_TC23LTO04_2347mV_25gradC_EIS.csv,TC23LTO04,LTO,lithium-ion,25.0,2.347,32,0.05,10000.0,15,0.6034751236217384,0.0024480274762468703,0.005684089645631088,0.005684089645631088,0.0015136839000406807,6745.25,True,True
raw_EIS_plotting/TC23LTO04/auxiliary/20231113_TC23LTO04_2363mV_25gradC_EIS.csv,20231113_TC23LTO04_2363mV_25gradC_EIS.csv,TC23LTO04,LTO,lithium-ion,25.0,2.363,32,0.05,10000.0,15,0.5735913157565524,0.002859369513016621,0.005776158815738139,0.005776158815738139,0.0016541896802653453,6745.25,True,True
raw_EIS_plotting/TC23LTO04/auxiliary/20231113_TC23LTO04_2394mV_27gradC_EIS.csv,20231113_TC23LTO04_2394mV_27gradC_EIS.csv,TC23LTO04,LTO,lithium-ion,27.0,2.394,32,0.05,10000.0,13,0.6188768564975795,0.006195426124558039,0.00571282290508185,0.006195426124558039,0.0022527241880373524,0.15,False,True
raw_EIS_plotting/TC23LTO04/auxiliary/20231113_TC23LTO04_2429mV_26gradC_EIS.csv,20231113_TC23LTO04_2429mV_26gradC_EIS.csv,TC23LTO04,LTO,lithium-ion,26.0,2.429,32,0.05,10000.0,16,0.5820987928009049,0.0014480368712716833,0.00557206108894393,0.00557206108894393,0.0013406716885431258,6745.25,True,True
raw_EIS_plotting/TC23LTO04/auxiliary/20231113_TC23LTO04_2472mV_25gradC_EIS.csv,20231113_TC23LTO04_2472mV_25gradC_EIS.csv,TC23LTO04,LTO,lithium-ion,25.0,2.472,32,0.05,10000.0,15,0.5722278110839648,0.001512837606352178,0.005728040671319335,0.005728040671319335,0.0014659045357651927,6745.25,True,True
raw_EIS_plotting/TC23LTO04/auxiliary/20231113_TC23LTO04_2516mV_25gradC_EIS.csv,20231113_TC23LTO04_2516mV_25gradC_EIS.csv,TC23LTO04,LTO,lithium-ion,25.0,2.516,32,0.05,10000.0,15,0.5916722858069698,0.0016894610597370599,0.0057962050723617325,0.0057962050723617325,0.0014691276243969566,6745.25,True,True
raw_EIS_plotting/TC23LTO04/auxiliary/20231113_TC23LTO04_2580mV_25gradC_EIS.csv,20231113_TC23LTO04_2580mV_25gradC_EIS.csv,TC23LTO04,LTO,lithium-ion,25.0,2.58,32,0.05,10000.0,15,0.6000582530768478,0.0018925277741723382,0.005884984431059626,0.005884984431059626,0.0015804098790677418,6745.25,True,True
raw_EIS_plotting/TC23LTO04/auxiliary/20231113_TC23LTO04_2686mV_25gradC_EIS.csv,20231113_TC23LTO04_2686mV_25gradC_EIS.csv,TC23LTO04,LTO,lithium-ion,25.0,2.686,32,0.05,10000.0,14,0.7942119835966621,0.004010445571184361,0.005842516595263721,0.005842516595263721,0.0018723776120792128,6745.25,True,True
raw_EIS_plotting/TC23NMC04/auxiliary/20231113_TC23NMC04_3494mV_25gradC_EIS.csv,20231113_TC23NMC04_3494mV_25gradC_EIS.csv,TC23NMC04,NMC,lithium-ion,25.0,3.494,32,0.05,10000.0,9,0.9110376471937368,0.00939717057630283,0.00540634297933912,0.00939717057630283,0.003597842160614208,0.15,False,True
raw_EIS_plotting/TC23NMC04/auxiliary/20231113_TC23NMC04_3575mV_25gradC_EIS.csv,20231113_TC23NMC04_3575mV_25gradC_EIS.csv,TC23NMC04,NMC,lithium-ion,25.0,3.575,32,0.05,10000.0,9,0.8177879731499454,0.01611451102660574,0.011608933046298975,0.01611451102660574,0.005727115795975568,0.15,False,True
raw_EIS_plotting/TC23NMC04/auxiliary/20231113_TC23NMC04_3676mV_25gradC_EIS.csv,20231113_TC23NMC04_3676mV_25gradC_EIS.csv,TC23NMC04,NMC,lithium-ion,25.0,3.676,32,0.05,10000.0,9,0.8499322166346771,0.013423332541239093,0.013738719313729678,0.013738719313729678,0.00525498292868396,0.1,True,True
raw_EIS_plotting/TC23NMC04/auxiliary/20231113_TC23NMC04_3794mV_27gradC_EIS.csv,20231113_TC23NMC04_3794mV_27gradC_EIS.csv,TC23NMC04,NMC,lithium-ion,27.0,3.794,32,0.05,10000.0,11,0.8670900953502538,0.004813801852858344,0.005705582064372862,0.005705582064372862,0.002360394672881117,0.1,True,True
raw_EIS_plotting/TC23NMC04/auxiliary/20231113_TC23NMC04_3854mV_26gradC_EIS.csv,20231113_TC23NMC04_3854mV_26gradC_EIS.csv,TC23NMC04,NMC,lithium-ion,26.0,3.854,32,0.05,10000.0,13,0.8821811719516504,0.0017270382309858524,0.004917587438911772,0.004917587438911772,0.0012199533364958385,6745.25,True,True
raw_EIS_plotting/TC23NMC04/auxiliary/20231113_TC23NMC04_3900mV_25gradC_EIS.csv,20231113_TC23NMC04_3900mV_25gradC_EIS.csv,TC23NMC04,NMC,lithium-ion,25.0,3.9,32,0.05,10000.0,11,0.8616706251974953,0.008240052344994498,0.007777290430951881,0.008240052344994498,0.003185785492966821,0.15,False,True
raw_EIS_plotting/TC23NMC04/auxiliary/20231113_TC23NMC04_3980mV_25gradC_EIS.csv,20231113_TC23NMC04_3980mV_25gradC_EIS.csv,TC23NMC04,NMC,lithium-ion,25.0,3.98,32,0.05,10000.0,9,0.8043308060105062,0.01874190976279817,0.019485906345288594,0.019485906345288594,0.0075075431013782315,0.1,True,True
raw_EIS_plotting/TC23NMC04/auxiliary/20231113_TC23NMC04_4037mV_25gradC_EIS.csv,20231113_TC23NMC04_4037mV_25gradC_EIS.csv,TC23NMC04,NMC,lithium-ion,25.0,4.037,32,0.05,10000.0,11,0.8543093801042793,0.010739013898649298,0.010128365015485467,0.010739013898649298,0.003977787754127732,0.15,False,True
raw_EIS_plotting/TC23NMC04/auxiliary/20231113_TC23NMC04_4078mV_24gradC_EIS.csv,20231113_TC23NMC04_4078mV_24gradC_EIS.csv,TC23NMC04,NMC,lithium-ion,24.0,4.078,32,0.05,10000.0,14,0.879000066016752,0.0030753682693027517,0.0047472540702287935,0.0047472540702287935,0.0017695995357718045,6745.25,True,True
raw_EIS_plotting/TC23NMC04/auxiliary/20231113_TC23NMC04_4240mV_25gradC_EIS.csv,20231113_TC23NMC04_4240mV_25gradC_EIS.csv,TC23NMC04,NMC,lithium-ion,25.0,4.24,32,0.05,10000.0,13,0.9140178291730892,0.002658094471904737,0.00471212018432966,0.00471212018432966,0.0015376514952885017,6745.25,True,True
raw_EIS_plotting/TC23SIB03/auxiliary/20231113_TC23SIB03_2099mV_25gradC_EIS.csv,20231113_TC23SIB03_2099mV_25gradC_EIS.csv,TC23SIB03,SIB,sodium-ion,25.0,2.099,32,0.05,10000.0,12,0.9928736410697374,0.00900842537653492,0.011265169165157745,0.011265169165157745,0.003584646349113573,0.25,False,True
raw_EIS_plotting/TC23SIB03/auxiliary/20231113_TC23SIB03_2274mV_25gradC_EIS.csv,20231113_TC23SIB03_2274mV_25gradC_EIS.csv,TC23SIB03,SIB,sodium-ion,25.0,2.274,32,0.05,10000.0,12,0.9446094957235573,0.010755895490172643,0.009657044213277236,0.010755895490172643,0.004077256805976954,0.15,False,True
raw_EIS_plotting/TC23SIB03/auxiliary/20231113_TC23SIB03_2652mV_25gradC_EIS.csv,20231113_TC23SIB03_2652mV_25gradC_EIS.csv,TC23SIB03,SIB,sodium-ion,25.0,2.652,32,0.05,10000.0,10,0.7936540901285285,0.0202458696851329,0.01632217452161357,0.0202458696851329,0.007324886063003838,0.15,False,True
raw_EIS_plotting/TC23SIB03/auxiliary/20231113_TC23SIB03_2783mV_25gradC_EIS.csv,20231113_TC23SIB03_2783mV_25gradC_EIS.csv,TC23SIB03,SIB,sodium-ion,25.0,2.783,32,0.05,10000.0,12,0.8328791147566418,0.013805177530316343,0.011974157411414998,0.013805177530316343,0.005014266316887442,0.15,False,True
raw_EIS_plotting/TC23SIB03/auxiliary/20231113_TC23SIB03_2903mV_27gradC_EIS.csv,20231113_TC23SIB03_2903mV_27gradC_EIS.csv,TC23SIB03,SIB,sodium-ion,27.0,2.903,32,0.05,10000.0,14,0.9589409229126744,0.0048396561568264515,0.004057139700339494,0.0048396561568264515,0.0019211295139451609,0.15,False,True
raw_EIS_plotting/TC23SIB03/auxiliary/20231113_TC23SIB03_3082mV_26gradC_EIS.csv,20231113_TC23SIB03_3082mV_26gradC_EIS.csv,TC23SIB03,SIB,sodium-ion,26.0,3.082,32,0.05,10000.0,12,0.8941275321612715,0.008426478566826,0.008375059221697238,0.008426478566826,0.003403723514334568,0.15,False,True
raw_EIS_plotting/TC23SIB03/auxiliary/20231113_TC23SIB03_3276mV_25gradC_EIS.csv,20231113_TC23SIB03_3276mV_25gradC_EIS.csv,TC23SIB03,SIB,sodium-ion,25.0,3.276,32,0.05,10000.0,12,0.918059602168966,0.007612750658376671,0.00736695953054758,0.007612750658376671,0.0029269177900238825,0.15,False,True
raw_EIS_plotting/TC23SIB03/auxiliary/20231113_TC23SIB03_3459mV_25gradC_EIS.csv,20231113_TC23SIB03_3459mV_25gradC_EIS.csv,TC23SIB03,SIB,sodium-ion,25.0,3.459,32,0.05,10000.0,12,0.9309785113623836,0.006430377340329315,0.006325164456758067,0.006430377340329315,0.0026327581373884073,0.15,False,True
raw_EIS_plotting/TC23SIB03/auxiliary/20231113_TC23SIB03_3639mV_25gradC_EIS.csv,20231113_TC23SIB03_3639mV_25gradC_EIS.csv,TC23SIB03,SIB,sodium-ion,25.0,3.639,32,0.05,10000.0,14,0.9503704964079643,0.004268511005926688,0.003357513190623186,0.004268511005926688,0.0016705828545583322,0.15,False,True
raw_EIS_plotting/TC23SIB03/auxiliary/20231113_TC23SIB03_4083mV_25gradC_EIS.csv,20231113_TC23SIB03_4083mV_25gradC_EIS.csv,TC23SIB03,SIB,sodium-ion,25.0,4.083,32,0.05,10000.0,9,0.9291466802809539,0.05696630868807847,0.04882213764652457,0.05696630868807847,0.020233935449049466,0.15,False,False
