target,feature_set,split_type,folds,mean_rmse,mean_mae,mean_skill_vs_train_mean
target_low_temperature_penalty,capacity_only,leave_one_family_out,4,0.007452235777387719,0.005684638244749935,0.7885988849060132
target_low_temperature_penalty,capacity_ocv_slope,leave_one_family_out,4,0.007611113301292492,0.006132906117518952,0.7829465181640325
target_low_temperature_penalty,capacity_pulse,leave_one_family_out,4,0.009455619481871996,0.008269912824365786,0.6987703087540441
target_low_temperature_penalty,core_all_no_eis,leave_one_family_out,4,0.015346749906538382,0.013807395257716373,0.4781003829739939
target_low_temperature_penalty,core_all_with_eis,leave_one_family_out,4,0.015372555557241607,0.013413205885175932,0.4799513388688791
target_low_temperature_penalty,pulse_polarization,leave_one_family_out,4,0.029539250421705486,0.02292882747992448,0.1667393166409169
target_low_temperature_penalty,temperature_chemistry,leave_one_family_out,4,0.03477099595685951,0.02628048652924828,0.10942783169520853
target_low_temperature_penalty,pulse_fast_only,leave_one_family_out,4,0.0371768890298404,0.030075395062213368,-0.10061422860060526
target_low_temperature_penalty,capacity_only,leave_one_temperature_out,5,0.01126832472464075,0.009124541550729693,0.6463352021397064
target_low_temperature_penalty,capacity_ocv_slope,leave_one_temperature_out,5,0.011294628078651276,0.009052812085487227,0.6454032368435445
target_low_temperature_penalty,capacity_pulse,leave_one_temperature_out,5,0.01336303663394057,0.010048807193635604,0.6254229029423595
target_low_temperature_penalty,core_all_no_eis,leave_one_temperature_out,5,0.02323940222718534,0.01737976128535247,0.5123295373301665
target_low_temperature_penalty,core_all_with_eis,leave_one_temperature_out,5,0.025261796155191966,0.01892079519610152,0.4808130283039101
target_low_temperature_penalty,pulse_polarization,leave_one_temperature_out,5,0.025659327391339713,0.019539263765999668,0.364094500063695
target_low_temperature_penalty,pulse_fast_only,leave_one_temperature_out,5,0.02954798958402567,0.022254069221696347,0.19976067727318864
target_low_temperature_penalty,temperature_chemistry,leave_one_temperature_out,5,0.038936451586803277,0.03025275594944927,-0.05365871815370005
target_low_temperature_penalty,capacity_pulse,li_to_sodium_transfer,1,0.014527137838724622,0.012106870721877862,0.8341984700040025
target_low_temperature_penalty,capacity_only,li_to_sodium_transfer,1,0.01469719578423603,0.010335795933619156,0.8322575599729428
target_low_temperature_penalty,capacity_ocv_slope,li_to_sodium_transfer,1,0.014853824849749519,0.012029722654201012,0.8304699168052189
target_low_temperature_penalty,core_all_no_eis,li_to_sodium_transfer,1,0.020092440790917824,0.018468149707636494,0.7706804009522199
target_low_temperature_penalty,core_all_with_eis,li_to_sodium_transfer,1,0.020418701712956535,0.018286950028635108,0.7669567108039977
target_low_temperature_penalty,pulse_polarization,li_to_sodium_transfer,1,0.05809287914673651,0.03901910525100401,0.3369727504941811
target_low_temperature_penalty,pulse_fast_only,li_to_sodium_transfer,1,0.06693547369646406,0.045839674100047786,0.23605020664862675
target_low_temperature_penalty,temperature_chemistry,li_to_sodium_transfer,1,0.0803755857486672,0.052628313213481236,0.08265514932131479
target_low_temperature_penalty,capacity_pulse,sodium_to_li_transfer,1,0.015631063468657246,0.011328040470354786,0.6926867829953014
target_low_temperature_penalty,pulse_polarization,sodium_to_li_transfer,1,0.025501871266075875,0.019031249958975063,0.49862259121831276
target_low_temperature_penalty,capacity_only,sodium_to_li_transfer,1,0.027753112149495735,0.023678450201002465,0.45436225797077023
target_low_temperature_penalty,pulse_fast_only,sodium_to_li_transfer,1,0.030301595982691203,0.024589198684664585,0.40425800455038274
target_low_temperature_penalty,temperature_chemistry,sodium_to_li_transfer,1,0.06604517225306841,0.056493381874773485,-0.29847558954755127
target_low_temperature_penalty,capacity_ocv_slope,sodium_to_li_transfer,1,0.30444276944427157,0.29804309696016706,-4.985471625736791
target_low_temperature_penalty,core_all_no_eis,sodium_to_li_transfer,1,0.4363487151317162,0.417322063884811,-7.578797447267592
target_low_temperature_penalty,core_all_with_eis,sodium_to_li_transfer,1,0.4363487151317162,0.417322063884811,-7.578797447267592
target_pulse_power_proxy_vs_25c,temperature_chemistry,leave_one_family_out,4,0.256442905416018,0.20410744827006438,0.12555193206482101
target_pulse_power_proxy_vs_25c,capacity_pulse,leave_one_family_out,4,0.27323704507421076,0.21640715148286288,0.14815565868291714
target_pulse_power_proxy_vs_25c,capacity_only,leave_one_family_out,4,0.2758547155450516,0.22941361067982147,0.15080181262002554
target_pulse_power_proxy_vs_25c,pulse_polarization,leave_one_family_out,4,0.29111176247709225,0.24238781355698885,0.09206532585075253
target_pulse_power_proxy_vs_25c,pulse_fast_only,leave_one_family_out,4,0.29175005114267344,0.2400197725748071,0.09669978339369548
target_pulse_power_proxy_vs_25c,capacity_ocv_slope,leave_one_family_out,4,0.3296643365577815,0.2797343822006496,0.06462513038564144
target_pulse_power_proxy_vs_25c,core_all_no_eis,leave_one_family_out,4,0.832837272482021,0.7600966270472165,-0.9349704426024821
target_pulse_power_proxy_vs_25c,core_all_with_eis,leave_one_family_out,4,0.8710486409629947,0.8016089894631906,-1.0068898482823367
target_pulse_power_proxy_vs_25c,pulse_fast_only,leave_one_temperature_out,5,0.21594900981128537,0.17769394118162726,0.17541572808343509
target_pulse_power_proxy_vs_25c,temperature_chemistry,leave_one_temperature_out,5,0.22662913700773418,0.18628113515819292,0.344905739269762
target_pulse_power_proxy_vs_25c,capacity_ocv_slope,leave_one_temperature_out,5,0.2334727904224742,0.19531055728978997,-0.16578206591674496
target_pulse_power_proxy_vs_25c,capacity_only,leave_one_temperature_out,5,0.2339436179869633,0.1948035574587182,-0.17094294871915885
target_pulse_power_proxy_vs_25c,capacity_pulse,leave_one_temperature_out,5,0.2719174241710336,0.22409356713572232,-0.19465108969891215
target_pulse_power_proxy_vs_25c,core_all_no_eis,leave_one_temperature_out,5,0.2816180473609161,0.23506861948092955,-0.18264977880772498
target_pulse_power_proxy_vs_25c,pulse_polarization,leave_one_temperature_out,5,0.3041667350231368,0.2491502678173056,-0.019204965678182796
target_pulse_power_proxy_vs_25c,core_all_with_eis,leave_one_temperature_out,5,0.325198916688171,0.27079119537165514,-0.2509140776043229
target_pulse_power_proxy_vs_25c,pulse_polarization,li_to_sodium_transfer,1,0.3847866560609833,0.2828572027015773,0.45000868222258694
target_pulse_power_proxy_vs_25c,pulse_fast_only,li_to_sodium_transfer,1,0.3933710776721019,0.27435117722374824,0.4377386170322084
target_pulse_power_proxy_vs_25c,capacity_pulse,li_to_sodium_transfer,1,0.39737034597054394,0.3045998818680883,0.43202229915330315
target_pulse_power_proxy_vs_25c,temperature_chemistry,li_to_sodium_transfer,1,0.39984745828543583,0.3145080352959434,0.4284816611272949
target_pulse_power_proxy_vs_25c,capacity_only,li_to_sodium_transfer,1,0.44833587680962117,0.390659655123822,0.35917517977978974
target_pulse_power_proxy_vs_25c,capacity_ocv_slope,li_to_sodium_transfer,1,0.6239877381204343,0.5670398527662435,0.10810878454315587
target_pulse_power_proxy_vs_25c,core_all_no_eis,li_to_sodium_transfer,1,1.6524533177738714,1.6290417596271474,-1.3619191660951784
target_pulse_power_proxy_vs_25c,core_all_with_eis,li_to_sodium_transfer,1,1.7383333960045837,1.7209367897560628,-1.484671077194328
target_pulse_power_proxy_vs_25c,capacity_only,sodium_to_li_transfer,1,0.3075741954941977,0.24374978004737094,0.23589923403584478
target_pulse_power_proxy_vs_25c,temperature_chemistry,sodium_to_li_transfer,1,0.31413338416388054,0.23213866152280024,0.2196043654804538
target_pulse_power_proxy_vs_25c,capacity_pulse,sodium_to_li_transfer,1,0.38569725765889895,0.3243046534623923,0.04181958589241119
target_pulse_power_proxy_vs_25c,pulse_fast_only,sodium_to_li_transfer,1,0.3888288000242523,0.3143279210818349,0.03403995432685991
target_pulse_power_proxy_vs_25c,pulse_polarization,sodium_to_li_transfer,1,0.3914949129573742,0.314997271254769,0.0274165803111297
target_pulse_power_proxy_vs_25c,core_all_no_eis,sodium_to_li_transfer,1,2.5446980774998025,1.9227196802022861,-5.321745382576456
target_pulse_power_proxy_vs_25c,core_all_with_eis,sodium_to_li_transfer,1,2.5446980774998025,1.9227196802022861,-5.321745382576456
target_pulse_power_proxy_vs_25c,capacity_ocv_slope,sodium_to_li_transfer,1,4.22052026699849,4.098951380098747,-9.484958803514528
target_pulse_r_1s_growth_vs_25c,pulse_polarization,leave_one_family_out,4,0.2956443506776573,0.2486569182137619,0.42476329112030903
target_pulse_r_1s_growth_vs_25c,pulse_fast_only,leave_one_family_out,4,0.3621194309574267,0.30590582482428924,0.3245268476022929
target_pulse_r_1s_growth_vs_25c,temperature_chemistry,leave_one_family_out,4,0.41193349324546213,0.31997198056106163,0.17189921721806833
target_pulse_r_1s_growth_vs_25c,capacity_pulse,leave_one_family_out,4,0.5346992417987404,0.4188947220451936,0.1951849574950648
target_pulse_r_1s_growth_vs_25c,capacity_only,leave_one_family_out,4,0.5910521769264505,0.4513137163626946,0.09435912243601449
target_pulse_r_1s_growth_vs_25c,capacity_ocv_slope,leave_one_family_out,4,0.6539438867872258,0.4979832825158892,0.03278180755570009
target_pulse_r_1s_growth_vs_25c,core_all_no_eis,leave_one_family_out,4,1.1941776775944746,0.93665556864741,-0.7169549425607324
target_pulse_r_1s_growth_vs_25c,core_all_with_eis,leave_one_family_out,4,1.1955053678667016,0.9392713099896414,-0.7254686838346016
target_pulse_r_1s_growth_vs_25c,capacity_pulse,leave_one_temperature_out,5,0.20491593876943645,0.1607457645420484,0.6751898457713974
target_pulse_r_1s_growth_vs_25c,pulse_polarization,leave_one_temperature_out,5,0.2115515750809318,0.16480895743783405,0.650813787288713
target_pulse_r_1s_growth_vs_25c,core_all_no_eis,leave_one_temperature_out,5,0.2127955226837611,0.1825149744455595,0.6987081468502102
target_pulse_r_1s_growth_vs_25c,core_all_with_eis,leave_one_temperature_out,5,0.2160439697737236,0.18527448009100986,0.6952701907098056
target_pulse_r_1s_growth_vs_25c,capacity_ocv_slope,leave_one_temperature_out,5,0.30076586213838924,0.26894641778593353,0.5506144411771574
target_pulse_r_1s_growth_vs_25c,capacity_only,leave_one_temperature_out,5,0.3018922016847073,0.26719633612335836,0.5496137577512312
target_pulse_r_1s_growth_vs_25c,pulse_fast_only,leave_one_temperature_out,5,0.3565133922581972,0.2951715650237087,0.4378518772981919
target_pulse_r_1s_growth_vs_25c,temperature_chemistry,leave_one_temperature_out,5,0.4575740854841298,0.3829750294409494,0.2872529082812137
target_pulse_r_1s_growth_vs_25c,pulse_polarization,li_to_sodium_transfer,1,0.1956915540145643,0.17637585299320394,0.8068253979494435
target_pulse_r_1s_growth_vs_25c,pulse_fast_only,li_to_sodium_transfer,1,0.3996950204251115,0.340046022765344,0.6054457899268173
target_pulse_r_1s_growth_vs_25c,temperature_chemistry,li_to_sodium_transfer,1,0.6621182397475174,0.45485847888273734,0.3463978140613959
target_pulse_r_1s_growth_vs_25c,capacity_pulse,li_to_sodium_transfer,1,1.2105946495603035,0.9080697497666103,-0.19502418410934497
target_pulse_r_1s_growth_vs_25c,capacity_only,li_to_sodium_transfer,1,1.471389390089147,1.0829887418665212,-0.45246462640246543
target_pulse_r_1s_growth_vs_25c,capacity_ocv_slope,li_to_sodium_transfer,1,1.7124573184621212,1.2883183791344517,-0.6904319794908647
target_pulse_r_1s_growth_vs_25c,core_all_with_eis,li_to_sodium_transfer,1,2.159286688479642,1.8908100853569092,-1.1315143050531185
target_pulse_r_1s_growth_vs_25c,core_all_no_eis,li_to_sodium_transfer,1,2.1635782743728487,1.8955461074639768,-1.1357506932879642
target_pulse_r_1s_growth_vs_25c,capacity_only,sodium_to_li_transfer,1,0.2405191957412536,0.18349345417154334,0.5801867134736827
target_pulse_r_1s_growth_vs_25c,pulse_polarization,sodium_to_li_transfer,1,0.34116580995357326,0.2679560384780766,0.40451347558511486
target_pulse_r_1s_growth_vs_25c,capacity_pulse,sodium_to_li_transfer,1,0.34911898178485706,0.27762027236908254,0.3906316430165756
target_pulse_r_1s_growth_vs_25c,pulse_fast_only,sodium_to_li_transfer,1,0.36736575110944564,0.29892829591692943,0.35878289109041395
target_pulse_r_1s_growth_vs_25c,temperature_chemistry,sodium_to_li_transfer,1,0.4981923118838905,0.4080476954962854,0.1304321838864051
target_pulse_r_1s_growth_vs_25c,core_all_no_eis,sodium_to_li_transfer,1,0.8667068946482844,0.48994266172048195,-0.5127901487278543
target_pulse_r_1s_growth_vs_25c,core_all_with_eis,sodium_to_li_transfer,1,0.8667068946482844,0.48994266172048195,-0.5127901487278543
target_pulse_r_1s_growth_vs_25c,capacity_ocv_slope,sodium_to_li_transfer,1,1.1431802513642466,1.1043093864577502,-0.9953594844608493
target_usable_energy_retention_vs_25c,capacity_only,leave_one_family_out,4,0.005123129488429993,0.004032969887245536,0.8360568819214353
target_usable_energy_retention_vs_25c,capacity_ocv_slope,leave_one_family_out,4,0.005418126147294805,0.004287379202438274,0.8252395036760077
target_usable_energy_retention_vs_25c,capacity_pulse,leave_one_family_out,4,0.007581339149341761,0.006605671784547167,0.7654910555566521
target_usable_energy_retention_vs_25c,core_all_no_eis,leave_one_family_out,4,0.01219821696771366,0.01067548060520902,0.6061426335075566
target_usable_energy_retention_vs_25c,core_all_with_eis,leave_one_family_out,4,0.012224886658057446,0.010191625043836371,0.606399202627808
target_usable_energy_retention_vs_25c,pulse_polarization,leave_one_family_out,4,0.02953175596944088,0.023816136643399804,0.18557214537774602
target_usable_energy_retention_vs_25c,temperature_chemistry,leave_one_family_out,4,0.03490471650257376,0.02729102625443381,0.12197026858913598
target_usable_energy_retention_vs_25c,pulse_fast_only,leave_one_family_out,4,0.03687908599659429,0.03056834459409167,-0.0718884534877719
target_usable_energy_retention_vs_25c,capacity_only,leave_one_temperature_out,5,0.005266473100142996,0.004264141685903833,0.8559372741219438
target_usable_energy_retention_vs_25c,capacity_ocv_slope,leave_one_temperature_out,5,0.005277106860059814,0.0042505364347786125,0.8556425783610573
target_usable_energy_retention_vs_25c,capacity_pulse,leave_one_temperature_out,5,0.007788458660422046,0.005493741762566023,0.7973802489786712
target_usable_energy_retention_vs_25c,core_all_no_eis,leave_one_temperature_out,5,0.010907758219146767,0.008098896511994419,0.7448296999217643
target_usable_energy_retention_vs_25c,core_all_with_eis,leave_one_temperature_out,5,0.012676934029093413,0.009845664969542905,0.7195178375841946
target_usable_energy_retention_vs_25c,pulse_polarization,leave_one_temperature_out,5,0.02464833679991803,0.018366299265044232,0.41504626269996
target_usable_energy_retention_vs_25c,pulse_fast_only,leave_one_temperature_out,5,0.02758740063184082,0.020997498649712898,0.2911367200653977
target_usable_energy_retention_vs_25c,temperature_chemistry,leave_one_temperature_out,5,0.0362117213939825,0.029149650067431494,0.08870637933910039
target_usable_energy_retention_vs_25c,capacity_only,li_to_sodium_transfer,1,0.007582604141466718,0.006257833126993439,0.9149250196281092
target_usable_energy_retention_vs_25c,capacity_ocv_slope,li_to_sodium_transfer,1,0.007830964743262607,0.0063791525475061835,0.9121384738809315
target_usable_energy_retention_vs_25c,capacity_pulse,li_to_sodium_transfer,1,0.012024881805518035,0.010030853806164086,0.8650837410878119
target_usable_energy_retention_vs_25c,core_all_no_eis,li_to_sodium_transfer,1,0.016992870772855776,0.014094577427910227,0.8093441091620611
target_usable_energy_retention_vs_25c,core_all_with_eis,li_to_sodium_transfer,1,0.0172652325251088,0.014022277189919597,0.8062882763248616
target_usable_energy_retention_vs_25c,pulse_polarization,li_to_sodium_transfer,1,0.059080940240867685,0.04392087929815795,0.33712617227932706
target_usable_energy_retention_vs_25c,pulse_fast_only,li_to_sodium_transfer,1,0.06727605918558179,0.049360658938376004,0.2451789242944149
target_usable_energy_retention_vs_25c,temperature_chemistry,li_to_sodium_transfer,1,0.08052808414570338,0.05635714217298689,0.09649441665874747
target_usable_energy_retention_vs_25c,capacity_pulse,sodium_to_li_transfer,1,0.0174494027747814,0.013493329370004581,0.6594506542185603
target_usable_energy_retention_vs_25c,pulse_polarization,sodium_to_li_transfer,1,0.028037934500522832,0.021502513504284358,0.45280074198209763
target_usable_energy_retention_vs_25c,capacity_only,sodium_to_li_transfer,1,0.029057363238035358,0.02444830533561869,0.4329051733995197
target_usable_energy_retention_vs_25c,pulse_fast_only,sodium_to_li_transfer,1,0.032460639184077926,0.026478653676359116,0.36648551354654646
target_usable_energy_retention_vs_25c,temperature_chemistry,sodium_to_li_transfer,1,0.06708127100508778,0.056857770776709615,-0.3091842311065165
target_usable_energy_retention_vs_25c,capacity_ocv_slope,sodium_to_li_transfer,1,0.40417960496790667,0.39566972279884394,-6.888126707061223
target_usable_energy_retention_vs_25c,core_all_no_eis,sodium_to_li_transfer,1,0.4673028175992133,0.45560926337039503,-8.120063928218265
target_usable_energy_retention_vs_25c,core_all_with_eis,sodium_to_li_transfer,1,0.4673028175992133,0.45560926337039503,-8.120063928218265
