cell_id,cell_family,chemistry_type,temperature_deg_c,smoothing_window_segments,capacity_window,window_lower_fraction,window_upper_fraction,usable_energy_wh,capacity_ah,mean_ocv_v,n_segments,energy_retention_vs_25c
TC23LFP09,LFP,lithium-ion,5.0,1,central,0.2,0.8,3.360406129232571,1.0329571651276288,3.2531901501742286,59,0.9447613863273803
TC23LFP09,LFP,lithium-ion,15.0,1,central,0.2,0.8,3.50819134512279,1.0722872161980697,3.2716892123112284,60,0.9863104610741938
TC23LFP09,LFP,lithium-ion,25.0,1,central,0.2,0.8,3.5568834394213034,1.0841649760593874,3.280758412167744,60,1.0
TC23LFP09,LFP,lithium-ion,35.0,1,central,0.2,0.8,3.5512134775157196,1.0803264616095354,3.287166931940171,60,0.9984059185514085
TC23LFP09,LFP,lithium-ion,45.0,1,central,0.2,0.8,3.5700202007178556,1.0850710189134238,3.290126421973965,60,1.0036933347747514
TC23LFP09,LFP,lithium-ion,5.0,5,central,0.2,0.8,3.360362051639497,1.0329571651276288,3.253147478432402,59,0.9447705977617123
TC23LFP09,LFP,lithium-ion,15.0,5,central,0.2,0.8,3.5081388506930935,1.0722872161980697,3.2716402583407445,60,0.9863182562079389
TC23LFP09,LFP,lithium-ion,25.0,5,central,0.2,0.8,3.5568021058240413,1.0841649760593874,3.280683391797392,60,1.0
TC23LFP09,LFP,lithium-ion,35.0,5,central,0.2,0.8,3.5511214413184717,1.0803264616095354,3.287081739316213,60,0.9984028730481609
TC23LFP09,LFP,lithium-ion,45.0,5,central,0.2,0.8,3.5699243027978445,1.0850710189134238,3.290038050520755,60,1.003689324450274
TC23LFP09,LFP,lithium-ion,5.0,11,central,0.2,0.8,3.3601902959617087,1.0329571651276288,3.25298119970289,59,0.9448094778870486
TC23LFP09,LFP,lithium-ion,15.0,11,central,0.2,0.8,3.5079381741376454,1.0722872161980697,3.2714531119931327,60,0.9863528380372432
TC23LFP09,LFP,lithium-ion,25.0,11,central,0.2,0.8,3.556473950151691,1.0841649760593874,3.280380709455687,60,1.0
TC23LFP09,LFP,lithium-ion,35.0,11,central,0.2,0.8,3.550772342383298,1.0803264616095354,3.286758596873503,60,0.9983968369097291
TC23LFP09,LFP,lithium-ion,45.0,11,central,0.2,0.8,3.5695686295547384,1.0850710189134238,3.2897102843264054,60,1.003681927545818
TC23LFP09,LFP,lithium-ion,5.0,1,early_discharge,0.0,0.5,2.8227057945628156,0.8578611354371883,3.2903996715415222,49,0.963795841410307
TC23LFP09,LFP,lithium-ion,15.0,1,early_discharge,0.0,0.5,2.892198018006378,0.8757134789052274,3.3026764398616364,49,0.9875235412982208
TC23LFP09,LFP,lithium-ion,25.0,1,early_discharge,0.0,0.5,2.9287383004603913,0.8854019049788201,3.3078066810302826,49,1.0
TC23LFP09,LFP,lithium-ion,35.0,1,early_discharge,0.0,0.5,2.9223826898899876,0.882266840939131,3.312356948045569,49,0.9978299151653787
TC23LFP09,LFP,lithium-ion,45.0,1,early_discharge,0.0,0.5,2.937238403723579,0.8861206014223743,3.314715769098831,49,1.0029023089095572
TC23LFP09,LFP,lithium-ion,5.0,5,early_discharge,0.0,0.5,2.8226368400867603,0.8578611354371883,3.290319292573288,49,0.963791486438503
TC23LFP09,LFP,lithium-ion,15.0,5,early_discharge,0.0,0.5,2.8921477425974236,0.8757134789052274,3.3026190263128967,49,0.9875260367366472
TC23LFP09,LFP,lithium-ion,25.0,5,early_discharge,0.0,0.5,2.92867998919273,0.8854019049788201,3.3077408338529155,49,1.0
TC23LFP09,LFP,lithium-ion,35.0,5,early_discharge,0.0,0.5,2.9223230543452696,0.882266840939131,3.3122893492684096,49,0.9978294197826603
TC23LFP09,LFP,lithium-ion,45.0,5,early_discharge,0.0,0.5,2.9371835088555356,0.8861206014223743,3.3146538143654465,49,1.0029035332280019
TC23LFP09,LFP,lithium-ion,5.0,11,early_discharge,0.0,0.5,2.82248786622129,0.8578611354371883,3.290145633403655,49,0.9637533185154306
TC23LFP09,LFP,lithium-ion,15.0,11,early_discharge,0.0,0.5,2.8920963426533377,0.8757134789052274,3.30256033718836,49,0.9875214986947141
TC23LFP09,LFP,lithium-ion,25.0,11,early_discharge,0.0,0.5,2.9286413981630295,0.8854019049788201,3.3076972492926586,49,1.0
TC23LFP09,LFP,lithium-ion,35.0,11,early_discharge,0.0,0.5,2.9223012790903096,0.882266840939131,3.3122646698816975,49,0.9978351330153645
TC23LFP09,LFP,lithium-ion,45.0,11,early_discharge,0.0,0.5,2.937159671510291,0.8861206014223743,3.3146269163418327,49,1.0029086092112898
TC23LFP09,LFP,lithium-ion,5.0,1,full,0.0,1.0,5.540024427291063,1.7178332243021444,3.1934046384358603,105,0.9481986451413131
TC23LFP09,LFP,lithium-ion,15.0,1,full,0.0,1.0,5.77300720248217,1.7792773973046407,3.211749207931819,105,0.9880746338985491
TC23LFP09,LFP,lithium-ion,25.0,1,full,0.0,1.0,5.842683340330459,1.796265655273073,3.216324905581123,105,1.0
TC23LFP09,LFP,lithium-ion,35.0,1,full,0.0,1.0,5.842993854596823,1.7940554023822126,3.21975259175192,105,1.0000531458318511
TC23LFP09,LFP,lithium-ion,45.0,1,full,0.0,1.0,5.866736137070726,1.800766462936664,3.2185954979041207,105,1.004116738036141
TC23LFP09,LFP,lithium-ion,5.0,5,full,0.0,1.0,5.539487297565625,1.7178332243021444,3.193475390092645,105,0.9483214134289107
TC23LFP09,LFP,lithium-ion,15.0,5,full,0.0,1.0,5.771817464144589,1.7792773973046407,3.2117694010662117,105,0.9880947101470313
TC23LFP09,LFP,lithium-ion,25.0,5,full,0.0,1.0,5.8413605546837974,1.796265655273073,3.216333200811744,105,1.0
TC23LFP09,LFP,lithium-ion,35.0,5,full,0.0,1.0,5.841665814117826,1.7940554023822126,3.2197644291065637,105,1.0000522582763334
TC23LFP09,LFP,lithium-ion,45.0,5,full,0.0,1.0,5.865499722813647,1.800766462936664,3.218634612641205,105,1.0041324564549425
TC23LFP09,LFP,lithium-ion,5.0,11,full,0.0,1.0,5.5376381830793315,1.7178332243021444,3.193927173025326,105,0.9487354060498939
TC23LFP09,LFP,lithium-ion,15.0,11,full,0.0,1.0,5.767958292347849,1.7792773973046407,3.212429369006227,105,0.9881949798183653
TC23LFP09,LFP,lithium-ion,25.0,11,full,0.0,1.0,5.836862572817386,1.796265655273073,3.216830952787032,105,1.0
TC23LFP09,LFP,lithium-ion,35.0,11,full,0.0,1.0,5.836852680184283,1.7940554023822126,3.220339923869464,105,0.9999983051454475
TC23LFP09,LFP,lithium-ion,45.0,11,full,0.0,1.0,5.860454302187745,1.800766462936664,3.2191919688117356,105,1.0040418510931244
TC23LFP09,LFP,lithium-ion,5.0,1,late_discharge,0.5,1.0,2.717318632728247,0.8599720888649559,3.1085339844684063,56,0.9325222663943626
TC23LFP09,LFP,lithium-ion,15.0,1,late_discharge,0.5,1.0,2.8782591199147367,0.9025731780841512,3.1423386042566857,55,0.9877533997837783
TC23LFP09,LFP,lithium-ion,25.0,1,late_discharge,0.5,1.0,2.9139450398700677,0.9108637502942529,3.136278352063109,56,1.0
TC23LFP09,LFP,lithium-ion,35.0,1,late_discharge,0.5,1.0,2.9206111647068367,0.9117885614430816,3.138723779994978,56,1.0022876632007673
TC23LFP09,LFP,lithium-ion,45.0,1,late_discharge,0.5,1.0,2.926614848180841,0.9134760584199098,3.1466733714187716,55,1.0043479915157694
TC23LFP09,LFP,lithium-ion,5.0,5,late_discharge,0.5,1.0,2.7168504574788646,0.8599720888649559,3.108736975422083,56,0.9327663629399104
TC23LFP09,LFP,lithium-ion,15.0,5,late_discharge,0.5,1.0,2.8771119724640295,0.9025731780841512,3.1422872806134854,55,0.9877883646258885
TC23LFP09,LFP,lithium-ion,25.0,5,late_discharge,0.5,1.0,2.9126805654910672,0.9108637502942529,3.1363515219007176,56,1.0
TC23LFP09,LFP,lithium-ion,35.0,5,late_discharge,0.5,1.0,2.9193427597725568,0.9117885614430816,3.138805123964949,56,1.0022873068747813
TC23LFP09,LFP,lithium-ion,45.0,5,late_discharge,0.5,1.0,2.925416595072477,0.9134760584199098,3.146543155013222,55,1.0043726146053584
TC23LFP09,LFP,lithium-ion,5.0,11,late_discharge,0.5,1.0,2.715150316858042,0.8599720888649559,3.1097360201942874,56,0.9336120445449749
TC23LFP09,LFP,lithium-ion,15.0,11,late_discharge,0.5,1.0,2.87327771420535,0.9025731780841512,3.1431134341915414,55,0.9879845932099166
TC23LFP09,LFP,lithium-ion,25.0,11,late_discharge,0.5,1.0,2.908221174654356,0.9108637502942529,3.1373229433446093,56,1.0
TC23LFP09,LFP,lithium-ion,35.0,11,late_discharge,0.5,1.0,2.9145514010939735,0.9117885614430816,3.13990577110876,56,1.0021766660991216
TC23LFP09,LFP,lithium-ion,45.0,11,late_discharge,0.5,1.0,2.9203729232823026,0.9134760584199098,3.147287848746036,55,1.0041784128160027
TC23LTO09,LTO,lithium-ion,5.0,1,central,0.2,0.8,2.176907242466849,0.9025263749229556,2.4120144180177068,60,0.9845339716010177
TC23LTO09,LTO,lithium-ion,15.0,1,central,0.2,0.8,2.192364346031791,0.9094928468478096,2.4105361251599144,60,0.9915246431672512
TC23LTO09,LTO,lithium-ion,25.0,1,central,0.2,0.8,2.211104243489772,0.9182560064738754,2.4079387805043955,60,1.0
TC23LTO09,LTO,lithium-ion,35.0,1,central,0.2,0.8,2.2080131557769884,0.9176313489989474,2.4062093368169997,60,0.9986020162903287
TC23LTO09,LTO,lithium-ion,45.0,1,central,0.2,0.8,2.2336098081054065,0.9295931535239366,2.4027822406864634,60,1.0101784276711052
TC23LTO09,LTO,lithium-ion,5.0,5,central,0.2,0.8,2.177000780985363,0.9025263749229556,2.412118057473973,60,0.9845294823331858
TC23LTO09,LTO,lithium-ion,15.0,5,central,0.2,0.8,2.192463226174209,0.9094928468478096,2.410644851215262,60,0.9915222373612705
TC23LTO09,LTO,lithium-ion,25.0,5,central,0.2,0.8,2.2112093340528522,0.9182560064738754,2.408053228983709,60,1.0
TC23LTO09,LTO,lithium-ion,35.0,5,central,0.2,0.8,2.2081129269359114,0.9176313489989474,2.4063180628723484,60,0.9985996770774906
TC23LTO09,LTO,lithium-ion,45.0,5,central,0.2,0.8,2.2337026049737574,0.9295931535239366,2.40288206519342,60,1.0101723842127954
TC23LTO09,LTO,lithium-ion,5.0,11,central,0.2,0.8,2.177364244326848,0.9025263749229556,2.412520765835273,60,0.9845203983558115
TC23LTO09,LTO,lithium-ion,15.0,11,central,0.2,0.8,2.1928450832748174,0.9094928468478096,2.411064726848459,60,0.9915202385376498
TC23LTO09,LTO,lithium-ion,25.0,11,central,0.2,0.8,2.2115989145203425,0.9182560064738754,2.4084774975888377,60,1.0
TC23LTO09,LTO,lithium-ion,35.0,11,central,0.2,0.8,2.2084881416354443,0.9176313489989474,2.406726956075711,60,0.9985934281010566
TC23LTO09,LTO,lithium-ion,45.0,11,central,0.2,0.8,2.234064388297041,0.9295931535239366,2.4032712478253457,60,1.0101580235137575
TC23LTO09,LTO,lithium-ion,5.0,1,early_discharge,0.0,0.5,1.8486642686518768,0.7370750733021233,2.5081072816995156,49,0.9830673257985986
TC23LTO09,LTO,lithium-ion,15.0,1,early_discharge,0.0,0.5,1.8635932600036196,0.742749751092674,2.509045447805448,49,0.991006140787288
TC23LTO09,LTO,lithium-ion,25.0,1,early_discharge,0.0,0.5,1.880506268632321,0.7499140651409585,2.507628466633001,49,1.0
TC23LTO09,LTO,lithium-ion,35.0,1,early_discharge,0.0,0.5,1.8794018972403197,0.7494005028213415,2.507873713374387,49,0.9994127265564478
TC23LTO09,LTO,lithium-ion,45.0,1,early_discharge,0.0,0.5,1.9022670125106917,0.7591800348830353,2.5056859567290175,49,1.0115717475880561
TC23LTO09,LTO,lithium-ion,5.0,5,early_discharge,0.0,0.5,1.8485165927431997,0.7370750733021233,2.5079069319806275,49,0.9830753547727513
TC23LTO09,LTO,lithium-ion,15.0,5,early_discharge,0.0,0.5,1.8634387452610202,0.742749751092674,2.5088374422359028,49,0.9910112318095161
TC23LTO09,LTO,lithium-ion,25.0,5,early_discharge,0.0,0.5,1.8803406918592773,0.7499140651409585,2.507407744565755,49,1.0
TC23LTO09,LTO,lithium-ion,35.0,5,early_discharge,0.0,0.5,1.879235213599467,0.7494005028213415,2.507651304424793,49,0.9994120861902333
TC23LTO09,LTO,lithium-ion,45.0,5,early_discharge,0.0,0.5,1.9020947887442288,0.7591800348830353,2.505459071053192,49,1.0115692315648612
TC23LTO09,LTO,lithium-ion,5.0,11,early_discharge,0.0,0.5,1.8481025456015856,0.7370750733021233,2.507345191311409,49,0.9831009881671295
TC23LTO09,LTO,lithium-ion,15.0,11,early_discharge,0.0,0.5,1.862998964001658,0.742749751092674,2.50824543261719,49,0.9910251608187586
TC23LTO09,LTO,lithium-ion,25.0,11,early_discharge,0.0,0.5,1.8798704994154718,0.7499140651409585,2.5067807994057714,49,1.0
TC23LTO09,LTO,lithium-ion,35.0,11,early_discharge,0.0,0.5,1.8787522300251946,0.7494005028213415,2.507006806813016,49,0.9994051348799692
TC23LTO09,LTO,lithium-ion,45.0,11,early_discharge,0.0,0.5,1.901587018775898,0.7591800348830353,2.5047902077375412,49,1.011552135834452
TC23LTO09,LTO,lithium-ion,5.0,1,full,0.0,1.0,3.6495235221138747,1.5017328206469986,2.421708022551259,105,0.9860514486113859
TC23LTO09,LTO,lithium-ion,15.0,1,full,0.0,1.0,3.676462725712013,1.5138675542450344,2.4162108622591805,105,0.9933300537694081
TC23LTO09,LTO,lithium-ion,25.0,1,full,0.0,1.0,3.701149191812803,1.5259930199675806,2.409204072025688,105,1.0
TC23LTO09,LTO,lithium-ion,35.0,1,full,0.0,1.0,3.697020702671615,1.525720775990997,2.406924185652074,105,0.9988845385778232
TC23LTO09,LTO,lithium-ion,45.0,1,full,0.0,1.0,3.7152517546933157,1.5354646618184038,2.4008111835427406,105,1.0038103200248476
TC23LTO09,LTO,lithium-ion,5.0,5,full,0.0,1.0,3.6493027868196974,1.5017328206469986,2.421751228366068,105,0.9861635217727313
TC23LTO09,LTO,lithium-ion,15.0,5,full,0.0,1.0,3.67608304038216,1.5138675542450344,2.4164399408820594,105,0.9934004409076711
TC23LTO09,LTO,lithium-ion,25.0,5,full,0.0,1.0,3.7005047400857993,1.5259930199675806,2.4093722022917268,105,1.0
TC23LTO09,LTO,lithium-ion,35.0,5,full,0.0,1.0,3.6963795479648884,1.525720775990997,2.4070796902525373,105,0.9988852352825752
TC23LTO09,LTO,lithium-ion,45.0,5,full,0.0,1.0,3.7145402581268625,1.5354646618184038,2.400902651494065,105,1.0037928658458461
TC23LTO09,LTO,lithium-ion,5.0,11,full,0.0,1.0,3.648601655409996,1.5017328206469986,2.4218524729605773,105,0.9865389688218956
TC23LTO09,LTO,lithium-ion,15.0,11,full,0.0,1.0,3.674730726942745,1.5138675542450344,2.4168955830085177,105,0.9936039624059363
TC23LTO09,LTO,lithium-ion,25.0,11,full,0.0,1.0,3.6983857411806857,1.5259930199675806,2.410024838263553,105,1.0
TC23LTO09,LTO,lithium-ion,35.0,11,full,0.0,1.0,3.694267256160126,1.525720775990997,2.4077020415744497,105,0.9988864100965182
TC23LTO09,LTO,lithium-ion,45.0,11,full,0.0,1.0,3.7123808876817637,1.5354646618184038,2.4013729133330757,105,1.0037841229878337
TC23LTO09,LTO,lithium-ion,5.0,1,late_discharge,0.5,1.0,1.8008592534619976,0.7646577473448752,2.3461086707965344,56,0.9891336903757469
TC23LTO09,LTO,lithium-ion,15.0,1,late_discharge,0.5,1.0,1.8099673706046375,0.7697010668514217,2.3401904829547466,55,0.9941363831205323
TC23LTO09,LTO,lithium-ion,25.0,1,late_discharge,0.5,1.0,1.820642923180482,0.776078954826622,2.323082726744289,56,1.0
TC23LTO09,LTO,lithium-ion,35.0,1,late_discharge,0.5,1.0,1.815127899289848,0.7750669226390189,2.3246150853609775,55,0.9969708371584475
TC23LTO09,LTO,lithium-ion,45.0,1,late_discharge,0.5,1.0,1.810429346937048,0.7750007989071076,2.314838410719064,55,0.9943901266341717
TC23LTO09,LTO,lithium-ion,5.0,5,late_discharge,0.5,1.0,1.8007861940764984,0.7646577473448752,2.3463649877033284,56,0.9893537870012846
TC23LTO09,LTO,lithium-ion,15.0,5,late_discharge,0.5,1.0,1.8096477965760722,0.7697010668514217,2.339601593506645,55,0.9942223605280545
TC23LTO09,LTO,lithium-ion,25.0,5,late_discharge,0.5,1.0,1.820164048226522,0.776078954826622,2.323591102801952,56,1.0
TC23LTO09,LTO,lithium-ion,35.0,5,late_discharge,0.5,1.0,1.8145938192469835,0.7750669226390189,2.3242453820914393,55,0.9969397104700722
TC23LTO09,LTO,lithium-ion,45.0,5,late_discharge,0.5,1.0,1.8098459128584174,0.7750007989071076,2.3145897453867392,55,0.9943312058173229
TC23LTO09,LTO,lithium-ion,5.0,11,late_discharge,0.5,1.0,1.8004991098084102,0.7646577473448752,2.347046344403599,56,0.9900929442090811
TC23LTO09,LTO,lithium-ion,15.0,11,late_discharge,0.5,1.0,1.8086450946968278,0.7697010668514217,2.3398416812084526,55,0.994572414439152
TC23LTO09,LTO,lithium-ion,25.0,11,late_discharge,0.5,1.0,1.8185152417652146,0.776078954826622,2.3253633722641127,56,1.0
TC23LTO09,LTO,lithium-ion,35.0,11,late_discharge,0.5,1.0,1.8128821900629757,0.7750669226390189,2.3248135013850746,55,0.996902389612764
TC23LTO09,LTO,lithium-ion,45.0,11,late_discharge,0.5,1.0,1.8081315396953743,0.7750007989071076,2.3151944156031203,55,0.9942900109763386
TC23NMC09,NMC,lithium-ion,5.0,1,central,0.2,0.8,3.617641170167285,0.9428320970914932,3.8369932308363253,60,0.9665112633323928
TC23NMC09,NMC,lithium-ion,15.0,1,central,0.2,0.8,3.7434362562963774,0.9748703394079047,3.8399333020916093,60,1.000119452176068
TC23NMC09,NMC,lithium-ion,25.0,1,central,0.2,0.8,3.7429891480976383,0.974431991689946,3.8412046842560557,60,1.0
TC23NMC09,NMC,lithium-ion,35.0,1,central,0.2,0.8,3.7906917041991255,0.9855873286683299,3.846124933232466,60,1.0127445082563844
TC23NMC09,NMC,lithium-ion,45.0,1,central,0.2,0.8,3.7650129673219315,0.9796828452537159,3.8430926867702597,60,1.005884018989338
TC23NMC09,NMC,lithium-ion,5.0,5,central,0.2,0.8,3.617536285672267,0.9428320970914932,3.8368819848969364,60,0.9665120331906489
TC23NMC09,NMC,lithium-ion,15.0,5,central,0.2,0.8,3.7433278034400783,0.9748703394079047,3.839822056152221,60,1.0001202698453675
TC23NMC09,NMC,lithium-ion,25.0,5,central,0.2,0.8,3.742877648124109,0.974431991689946,3.8410902598612555,60,1.0
TC23NMC09,NMC,lithium-ion,35.0,5,central,0.2,0.8,3.790569532909149,0.9855873286683299,3.846000973471433,60,1.0127420368146265
TC23NMC09,NMC,lithium-ion,45.0,5,central,0.2,0.8,3.764892152212105,0.9796828452537159,3.8429693627003085,60,1.0058817055104725
TC23NMC09,NMC,lithium-ion,5.0,11,central,0.2,0.8,3.617138541518823,0.9428320970914932,3.836460117178733,60,0.966522245386298
TC23NMC09,NMC,lithium-ion,15.0,11,central,0.2,0.8,3.7428906121626415,0.9748703394079047,3.8393736049887606,60,1.0001239922603906
TC23NMC09,NMC,lithium-ion,25.0,11,central,0.2,0.8,3.7424265802316126,0.974431991689946,3.8406273611732002,60,1.0
TC23NMC09,NMC,lithium-ion,35.0,11,central,0.2,0.8,3.7900999285032135,0.9855873286683299,3.8455244941102573,60,1.0127386195158572
TC23NMC09,NMC,lithium-ion,45.0,11,central,0.2,0.8,3.7644120022115883,0.9796828452537159,3.8424792448759146,60,1.0058746434989823
TC23NMC09,NMC,lithium-ion,5.0,1,early_discharge,0.0,0.5,3.077428111359213,0.769971676451547,3.9968090824962963,49,0.9458780146583958
TC23NMC09,NMC,lithium-ion,15.0,1,early_discharge,0.0,0.5,3.1874949861968345,0.7961429935063771,4.003670654198093,49,0.9797081589489415
TC23NMC09,NMC,lithium-ion,25.0,1,early_discharge,0.0,0.5,3.253514791197073,0.8120230020086313,4.00667698003209,50,1.0
TC23NMC09,NMC,lithium-ion,35.0,1,early_discharge,0.0,0.5,3.227406123171084,0.8048943501462731,4.009726584752825,49,0.991975242252892
TC23NMC09,NMC,lithium-ion,45.0,1,early_discharge,0.0,0.5,3.272658913854095,0.8164108556944835,4.008591681571747,50,1.0058841357380084
TC23NMC09,NMC,lithium-ion,5.0,5,early_discharge,0.0,0.5,3.0772064042959593,0.769971676451547,3.9965211403826233,49,0.9458775280011917
TC23NMC09,NMC,lithium-ion,15.0,5,early_discharge,0.0,0.5,3.1872606696354673,0.7961429935063771,4.003376420040035,49,0.9797062163530665
TC23NMC09,NMC,lithium-ion,25.0,5,early_discharge,0.0,0.5,3.2532820721501294,0.8120230020086313,4.006390410492223,50,1.0
TC23NMC09,NMC,lithium-ion,35.0,5,early_discharge,0.0,0.5,3.2271718472983513,0.8048943501462731,4.0094355290501795,49,0.991974189672855
TC23NMC09,NMC,lithium-ion,45.0,5,early_discharge,0.0,0.5,3.2724271518179537,0.8164108556944835,4.008307845503534,50,1.005884850819336
TC23NMC09,NMC,lithium-ion,5.0,11,early_discharge,0.0,0.5,3.0764939412828864,0.769971676451547,3.9955958335764916,49,0.9458887562922742
TC23NMC09,NMC,lithium-ion,15.0,11,early_discharge,0.0,0.5,3.1864747342934567,0.7961429935063771,4.002389367546497,49,0.9797030908894769
TC23NMC09,NMC,lithium-ion,25.0,11,early_discharge,0.0,0.5,3.252490232934186,0.8120230020086313,4.005415264224765,50,1.0
TC23NMC09,NMC,lithium-ion,35.0,11,early_discharge,0.0,0.5,3.2263672277533746,0.8048943501462731,4.008435879410341,49,0.9919683063406942
TC23NMC09,NMC,lithium-ion,45.0,11,early_discharge,0.0,0.5,3.271629819483651,0.8164108556944835,4.007331368687858,50,1.005884594627114
TC23NMC09,NMC,lithium-ion,5.0,1,full,0.0,1.0,5.972378229643569,1.571218481198803,3.7665949841306565,105,0.9647288719392692
TC23NMC09,NMC,lithium-ion,15.0,1,full,0.0,1.0,6.138472897262949,1.6144625549042741,3.7523627689297894,105,0.9915584388498591
TC23NMC09,NMC,lithium-ion,25.0,1,full,0.0,1.0,6.190732342899692,1.6272467358354772,3.7566654894263247,105,1.0
TC23NMC09,NMC,lithium-ion,35.0,1,full,0.0,1.0,6.220213358853791,1.6361003942256505,3.745940472739096,105,1.0047621209125464
TC23NMC09,NMC,lithium-ion,45.0,1,full,0.0,1.0,6.231569247635323,1.6390654182223405,3.75341075108534,105,1.0065964578136652
TC23NMC09,NMC,lithium-ion,5.0,5,full,0.0,1.0,5.9716799861863405,1.571218481198803,3.7666117542668256,105,0.9648565319197422
TC23NMC09,NMC,lithium-ion,15.0,5,full,0.0,1.0,6.137247619084423,1.6144625549042741,3.7523192392261584,105,0.9916076325222084
TC23NMC09,NMC,lithium-ion,25.0,5,full,0.0,1.0,6.1891895723654295,1.6272467358354772,3.7566159660639187,105,1.0
TC23NMC09,NMC,lithium-ion,35.0,5,full,0.0,1.0,6.218869521543517,1.6361003942256505,3.7458980025206023,105,1.004795450006994
TC23NMC09,NMC,lithium-ion,45.0,5,full,0.0,1.0,6.230035167304438,1.6390654182223405,3.7533817514635888,105,1.0065995061972868
TC23NMC09,NMC,lithium-ion,5.0,11,full,0.0,1.0,5.969317990616333,1.571218481198803,3.7669748237704836,105,0.9652637235452264
TC23NMC09,NMC,lithium-ion,15.0,11,full,0.0,1.0,6.133073481003525,1.6144625549042741,3.7526298933726685,105,0.9917436722848636
TC23NMC09,NMC,lithium-ion,25.0,11,full,0.0,1.0,6.184131698943566,1.6272467358354772,3.757246252395989,105,1.0
TC23NMC09,NMC,lithium-ion,35.0,11,full,0.0,1.0,6.213443511821709,1.6361003942256505,3.746257516884864,105,1.004739842924618
TC23NMC09,NMC,lithium-ion,45.0,11,full,0.0,1.0,6.224754031061655,1.6390654182223405,3.75414764042691,105,1.0065688012635676
TC23NMC09,NMC,lithium-ion,5.0,1,late_discharge,0.5,1.0,2.8883602608423233,0.7990560470684559,3.57528730289867,55,0.984334691564935
TC23NMC09,NMC,lithium-ion,15.0,1,late_discharge,0.5,1.0,2.94818593327422,0.8173344245773603,3.5451659478189836,55,1.0047228978490579
TC23NMC09,NMC,lithium-ion,25.0,1,late_discharge,0.5,1.0,2.9343274046861962,0.8141670553945253,3.5440907951441596,54,1.0
TC23NMC09,NMC,lithium-ion,35.0,1,late_discharge,0.5,1.0,2.992807235682708,0.8312060440793773,3.5151276247270817,56,1.019929552136247
TC23NMC09,NMC,lithium-ion,45.0,1,late_discharge,0.5,1.0,2.955813540530146,0.8214929300837714,3.537271242478752,54,1.0073223375856546
TC23NMC09,NMC,lithium-ion,5.0,5,late_discharge,0.5,1.0,2.8878366530433026,0.7990560470684559,3.5751851877948253,55,0.9845989861450648
TC23NMC09,NMC,lithium-ion,15.0,5,late_discharge,0.5,1.0,2.947185327519611,0.8173344245773603,3.5451669880407537,55,1.0048337333759534
TC23NMC09,NMC,lithium-ion,25.0,5,late_discharge,0.5,1.0,2.93300794910409,0.8141670553945253,3.5440950330847083,54,1.0
TC23NMC09,NMC,lithium-ion,35.0,5,late_discharge,0.5,1.0,2.9916976742451644,0.8312060440793773,3.515302666807223,56,1.0200100804905767
TC23NMC09,NMC,lithium-ion,45.0,5,late_discharge,0.5,1.0,2.954496822667383,0.8214929300837714,3.5372481103865914,54,1.0073265650609153
TC23NMC09,NMC,lithium-ion,5.0,11,late_discharge,0.5,1.0,2.8860974341406576,0.7990560470684559,3.575958348261904,55,0.9854480984038272
TC23NMC09,NMC,lithium-ion,15.0,11,late_discharge,0.5,1.0,2.9437727013157513,0.8173344245773603,3.5461886663200315,55,1.0051411211307442
TC23NMC09,NMC,lithium-ion,25.0,11,late_discharge,0.5,1.0,2.9287158185351356,0.8141670553945253,3.545766158634631,54,1.0
TC23NMC09,NMC,lithium-ion,35.0,11,late_discharge,0.5,1.0,2.9870762840683343,0.8312060440793773,3.5168514496750705,56,1.0199269813629064
TC23NMC09,NMC,lithium-ion,45.0,11,late_discharge,0.5,1.0,2.9499748783646393,0.8214929300837714,3.539033457377993,54,1.0072588332725765
TC23SIB09,SIB,sodium-ion,5.0,1,central,0.2,0.8,2.4273756954398475,0.7679483917504507,3.16086289804833,53,0.8085014388976262
TC23SIB09,SIB,sodium-ion,15.0,1,central,0.2,0.8,2.627878082278776,0.8409650089786598,3.1248389197653443,54,0.875284042252443
TC23SIB09,SIB,sodium-ion,25.0,1,central,0.2,0.8,3.0023146263654406,0.9562753506127278,3.1395974257025308,54,1.0
TC23SIB09,SIB,sodium-ion,35.0,1,central,0.2,0.8,2.9347696714572873,0.9421281090807039,3.1150431829768253,57,0.9775023728975659
TC23SIB09,SIB,sodium-ion,45.0,1,central,0.2,0.8,3.0370839511088303,0.97538130382451,3.1137433460909847,59,1.011580839808745
TC23SIB09,SIB,sodium-ion,5.0,5,central,0.2,0.8,2.4275166891221933,0.7679483917504507,3.1610464952195008,53,0.8085332942877768
TC23SIB09,SIB,sodium-ion,15.0,5,central,0.2,0.8,2.627983882335659,0.8409650089786598,3.1249647044939444,54,0.8753029279845562
TC23SIB09,SIB,sodium-ion,25.0,5,central,0.2,0.8,3.00237072025655,0.9562753506127278,3.1396560781321594,54,1.0
TC23SIB09,SIB,sodium-ion,35.0,5,central,0.2,0.8,2.934775985183356,0.9421281090807039,3.115049877610517,57,0.9774862129392808
TC23SIB09,SIB,sodium-ion,45.0,5,central,0.2,0.8,3.0369975302202796,0.97538130382451,3.113654738642672,59,1.011533156025706
TC23SIB09,SIB,sodium-ion,5.0,11,central,0.2,0.8,2.4280580457738683,0.7679483917504507,3.1617514298125537,53,0.8086654135838085
TC23SIB09,SIB,sodium-ion,15.0,11,central,0.2,0.8,2.6284057111808625,0.8409650089786598,3.125466237372485,54,0.8753912597755376
TC23SIB09,SIB,sodium-ion,25.0,11,central,0.2,0.8,3.0025496391805673,0.9562753506127278,3.1398431491892,54,1.0
TC23SIB09,SIB,sodium-ion,35.0,11,central,0.2,0.8,2.9347783045649356,0.9421281090807039,3.1150523120227698,57,0.977428737986118
TC23SIB09,SIB,sodium-ion,45.0,11,central,0.2,0.8,3.03668825870203,0.97538130382451,3.1133376451000347,59,1.0113698768126875
TC23SIB09,SIB,sodium-ion,5.0,1,early_discharge,0.0,0.5,2.2740582956215167,0.637544231992158,3.5668990055604897,44,0.8185492251349388
TC23SIB09,SIB,sodium-ion,15.0,1,early_discharge,0.0,0.5,2.4271220513910037,0.6852193863640588,3.542108396620207,44,0.8736446547123562
TC23SIB09,SIB,sodium-ion,25.0,1,early_discharge,0.0,0.5,2.7781570439415364,0.7791657816021874,3.5655590898420098,44,1.0
TC23SIB09,SIB,sodium-ion,35.0,1,early_discharge,0.0,0.5,2.7579864624545833,0.7768419874126961,3.5502542685957126,47,0.9927395819718183
TC23SIB09,SIB,sodium-ion,45.0,1,early_discharge,0.0,0.5,2.8773203919009647,0.8100372058511759,3.5520883395116996,49,1.035693931765189
TC23SIB09,SIB,sodium-ion,5.0,5,early_discharge,0.0,0.5,2.2735766684051506,0.637544231992158,3.566143550382212,44,0.8185374790962563
TC23SIB09,SIB,sodium-ion,15.0,5,early_discharge,0.0,0.5,2.426640302525363,0.6852193863640588,3.541405410633495,44,0.8736437453397239
TC23SIB09,SIB,sodium-ion,25.0,5,early_discharge,0.0,0.5,2.7776085108716058,0.7791657816021874,3.5648550920527047,44,1.0
TC23SIB09,SIB,sodium-ion,35.0,5,early_discharge,0.0,0.5,2.757449318512372,0.7768419874126961,3.5495627983986866,47,0.9927422484917041
TC23SIB09,SIB,sodium-ion,45.0,5,early_discharge,0.0,0.5,2.8767960363337766,0.8100372058511759,3.5514409923430397,49,1.0357096851748362
TC23SIB09,SIB,sodium-ion,5.0,11,early_discharge,0.0,0.5,2.271735611958841,0.637544231992158,3.563255807435017,44,0.8184301700860679
TC23SIB09,SIB,sodium-ion,15.0,11,early_discharge,0.0,0.5,2.4248206809774646,0.6852193863640588,3.5387500626917903,44,0.8735815875375541
TC23SIB09,SIB,sodium-ion,25.0,11,early_discharge,0.0,0.5,2.7757232015529687,0.7791657816021874,3.5624354808182486,44,1.0
TC23SIB09,SIB,sodium-ion,35.0,11,early_discharge,0.0,0.5,2.755608289083466,0.7768419874126961,3.5471928913658046,47,0.9927532714867792
TC23SIB09,SIB,sodium-ion,45.0,11,early_discharge,0.0,0.5,2.8750704261744446,0.8100372058511759,3.549310653433513,49,1.0357914739358351
TC23SIB09,SIB,sodium-ion,5.0,1,full,0.0,1.0,4.050916400209081,1.284048916956514,3.0132906803833617,105,0.8253307067316199
TC23SIB09,SIB,sodium-ion,15.0,1,full,0.0,1.0,4.361815698475822,1.4003379576190595,2.970486722755436,105,0.8886730994671527
TC23SIB09,SIB,sodium-ion,25.0,1,full,0.0,1.0,4.908234198932275,1.5734512410293595,2.9492282960153644,105,1.0
TC23SIB09,SIB,sodium-ion,35.0,1,full,0.0,1.0,4.833616481923758,1.5635489686880535,2.974862335336861,105,0.9847974416084813
TC23SIB09,SIB,sodium-ion,45.0,1,full,0.0,1.0,5.009527817626753,1.6249944583215998,3.003694496810893,105,1.0206374868412988
TC23SIB09,SIB,sodium-ion,5.0,5,full,0.0,1.0,4.050530465143396,1.284048916956514,3.0131648148941017,105,0.8253362519203374
TC23SIB09,SIB,sodium-ion,15.0,5,full,0.0,1.0,4.361365705407577,1.4003379576190595,2.9703837529134027,105,0.888672053088127
TC23SIB09,SIB,sodium-ion,25.0,5,full,0.0,1.0,4.907733612474784,1.5734512410293595,2.94913710713467,105,1.0
TC23SIB09,SIB,sodium-ion,35.0,5,full,0.0,1.0,4.833104765512007,1.5635489686880535,2.974743738307038,105,0.9847936231149383
TC23SIB09,SIB,sodium-ion,45.0,5,full,0.0,1.0,5.008998486943148,1.6249944583215998,3.0035776260401867,105,1.0206337349303072
TC23SIB09,SIB,sodium-ion,5.0,11,full,0.0,1.0,4.048862724723743,1.284048916956514,3.0127192321095837,105,0.8253243187762321
TC23SIB09,SIB,sodium-ion,15.0,11,full,0.0,1.0,4.359496257575379,1.4003379576190595,2.9700409264009244,105,0.8886441758127098
TC23SIB09,SIB,sodium-ion,25.0,11,full,0.0,1.0,4.905783862914985,1.5734512410293595,2.948936339017181,105,1.0
TC23SIB09,SIB,sodium-ion,35.0,11,full,0.0,1.0,4.831188983430946,1.5635489686880535,2.974456843271677,105,0.9847945034741673
TC23SIB09,SIB,sodium-ion,45.0,11,full,0.0,1.0,5.00713053171439,1.6249944583215998,3.003374252801427,105,1.0206586086202307
TC23SIB09,SIB,sodium-ion,5.0,1,late_discharge,0.5,1.0,1.7768581045875635,0.6465046849643559,2.6139666425506802,61,0.834901023921079
TC23SIB09,SIB,sodium-ion,15.0,1,late_discharge,0.5,1.0,1.9346936470848184,0.7151185712550006,2.5581694498037972,61,0.9090639836430003
TC23SIB09,SIB,sodium-ion,25.0,1,late_discharge,0.5,1.0,2.128226045576781,0.79335819374869,2.51313435812183,60,1.0
TC23SIB09,SIB,sodium-ion,35.0,1,late_discharge,0.5,1.0,2.0734253342530318,0.78554636134773,2.5192810360466087,57,0.9742505212556509
TC23SIB09,SIB,sodium-ion,45.0,1,late_discharge,0.5,1.0,2.132207425725789,0.814957252470424,2.5238498844476878,56,1.0018707505987359
TC23SIB09,SIB,sodium-ion,5.0,5,late_discharge,0.5,1.0,1.7769537967382452,0.6465046849643559,2.6142949073289077,61,0.8349277093746922
TC23SIB09,SIB,sodium-ion,15.0,5,late_discharge,0.5,1.0,1.9347254028822143,0.7151185712550006,2.5584992784923526,61,0.909059004157904
TC23SIB09,SIB,sodium-ion,25.0,5,late_discharge,0.5,1.0,2.128272635805884,0.79335819374869,2.513466663001742,60,1.0
TC23SIB09,SIB,sodium-ion,35.0,5,late_discharge,0.5,1.0,2.0734486211690815,0.78554636134773,2.5196003700737415,57,0.9742401355378781
TC23SIB09,SIB,sodium-ion,45.0,5,late_discharge,0.5,1.0,2.1322024506093706,0.814957252470424,2.524197180525189,56,1.0018464809147907
TC23SIB09,SIB,sodium-ion,5.0,11,late_discharge,0.5,1.0,1.7771271127649024,0.6465046849643559,2.6156108826945177,61,0.8350352492087244
TC23SIB09,SIB,sodium-ion,15.0,11,late_discharge,0.5,1.0,1.9346755765979127,0.7151185712550006,2.559824500223907,61,0.9090640115939693
TC23SIB09,SIB,sodium-ion,25.0,11,late_discharge,0.5,1.0,2.1282061020165317,0.79335819374869,2.5148520709478577,60,1.0
TC23SIB09,SIB,sodium-ion,35.0,11,late_discharge,0.5,1.0,2.073370030173842,0.78554636134773,2.520967992929681,57,0.9742336647795854
TC23SIB09,SIB,sodium-ion,45.0,11,late_discharge,0.5,1.0,2.132060105539945,0.814957252470424,2.5256799022483514,56,1.0018109164896019
