cell_family,chemistry_type,pulse_direction,abs_c_rate,pulse_timepoint,arrhenius_r_squared,arrhenius_activation_energy_mev,vtf_r_squared,vtf_b_k,vtf_t0_k,aic_arrhenius,aic_vtf,delta_aic_vtf_minus_arrhenius,aicc_arrhenius,aicc_vtf,vtf_fits_at_least_as_well,forms_indistinguishable
LFP,lithium-ion,charge,1.0,100ms,0.9956266244461478,289.11707565611385,0.9959600413235435,1611.7487156376628,91.12787556752937,-27.482978072470956,-25.879481500283156,1.603496572187801,-3.4829780724709565,,True,True
LTO,lithium-ion,charge,1.0,100ms,0.9383985266428696,73.90918182003666,0.9995652035757928,14.977198864916822,255.10051896574132,-27.64841077811193,-50.41622645887235,-22.76781568076042,-3.6484107781119306,,True,False
NMC,lithium-ion,charge,1.0,100ms,0.9704460993226218,239.05138409030656,0.9982484850476069,102.05989826498937,238.46815082942626,-19.649909857355205,-31.77858304351927,-12.128673186164065,4.350090142644795,,True,False
SIB,sodium-ion,charge,1.0,100ms,0.9964080721110375,353.08361410165554,0.9978421432077292,1100.68326127471,142.9151272990413,-26.418535279891294,-26.966403137235936,-0.5478678573446416,-2.4185352798912945,,True,True
LFP,lithium-ion,charge,1.0,10s,0.9959973145516342,295.29447681486766,0.9976270785254578,863.7658363174024,147.70489783931302,-27.71627384486093,-28.330491906158258,-0.6142180612973291,-3.716273844860929,,True,True
LTO,lithium-ion,charge,1.0,10s,0.9644002619374774,86.26331478636854,0.9987435951599456,29.94501331291265,243.85880118081033,-28.981133257662698,-43.70155295287295,-14.720419695210254,-4.981133257662698,,True,False
NMC,lithium-ion,charge,1.0,10s,0.975770783109347,223.1425871230528,0.9994819343018001,106.09230010037645,235.4440981920966,-21.35922722859822,-38.58528937232279,-17.226062143724572,2.6407727714017817,,True,False
SIB,sodium-ion,charge,1.0,10s,0.9788005667783454,250.03549047600515,0.9788005667783455,2901.541380308345,0.0,-20.903983814673957,-18.903983814673985,1.9999999999999716,3.096016185326043,,True,True
LFP,lithium-ion,charge,1.0,1s,0.9952929101462715,304.27490435199775,0.9961306515727697,1215.5322166149979,122.65552919989736,-26.60262966443814,-25.58254828349036,1.0200813809477793,-2.6026296644381404,,True,True
LTO,lithium-ion,charge,1.0,1s,0.9399892106786938,74.04403497073244,0.9986992705199982,15.745889724236266,254.23577144382355,-27.76945706324939,-44.92745267588279,-17.1579956126334,-3.7694570632493907,,True,False
NMC,lithium-ion,charge,1.0,1s,0.9670198120577337,240.78763573031637,0.9987870823926744,90.07201832845983,241.92421098637448,-19.011400669679936,-33.525792233905854,-14.514391564225917,4.9885993303200635,,True,False
SIB,sodium-ion,charge,1.0,1s,0.9937890563423668,338.48557870643936,0.9937910359792905,3680.876395319094,9.498890636190056,-24.089490936864863,-22.091084859293055,1.9984060775718078,-0.08949093686486265,,True,True
LFP,lithium-ion,charge,1.0,end,0.9960656835950398,294.0043514855703,0.9974407785468211,936.7015024703654,141.2266128463607,-27.846543983977128,-27.99671424724786,-0.1501702632707307,-3.846543983977128,,True,True
LTO,lithium-ion,charge,1.0,end,0.9644002619374774,86.26331478636854,0.9987435951599456,29.94501331291265,243.85880118081033,-28.981133257662698,-43.70155295287295,-14.720419695210254,-4.981133257662698,,True,False
NMC,lithium-ion,charge,1.0,end,0.9744304475566428,222.15270883544144,0.9996178605419607,99.3582860566569,237.17212827057068,-21.127598546101407,-40.14445829387228,-19.016859747770877,2.8724014538985934,,True,False
SIB,sodium-ion,charge,1.0,end,0.9793474477156895,247.01424847702503,0.9793474477156893,2866.481322781002,0.0,-21.159022835493808,-19.15902283549376,2.000000000000046,2.8409771645061923,,False,False
LFP,lithium-ion,charge,1.0,fast,0.9941088777458078,238.56730527699452,0.9941088777458078,2768.4586173428897,0.0,-27.907595750762695,-25.90759575076271,1.9999999999999858,-3.9075957507626953,,True,True
LTO,lithium-ion,charge,1.0,fast,0.9484486232780389,71.04230732482785,0.9951876526803837,19.25594087611738,249.47966007327582,-28.987824502580317,-38.844794219211934,-9.856969716631617,-4.987824502580317,,True,False
NMC,lithium-ion,charge,1.0,fast,0.9817926754514923,214.54730797353636,0.9977790418959362,143.53536762230047,224.64391020163345,-23.211472848085872,-31.730899246358213,-8.51942639827234,0.7885271519141277,,True,False
SIB,sodium-ion,charge,1.0,fast,0.9985381736549992,296.64615376106815,0.9985381736549992,3442.435667066442,0.0,-32.665873960128295,-30.665873960128437,1.999999999999858,-8.665873960128295,,True,True
LFP,lithium-ion,charge,2.0,100ms,0.9959634847509803,246.5867174735163,0.99596348475098,2861.5200315031743,0.0,-29.477251276230433,-27.477251276230078,2.0000000000003553,-5.477251276230433,,False,False
LTO,lithium-ion,charge,2.0,100ms,0.9426321837994514,75.1814038113818,0.9990844271568506,16.355632585172536,253.82596208891064,-27.859828627289524,-46.54827264839171,-18.688444021102185,-3.8598286272895237,,True,False
NMC,lithium-ion,charge,2.0,100ms,0.9774263122696718,224.8632717735413,0.9978560121243839,123.47178459333293,231.15972736763533,-21.65456343730658,-31.425150337899815,-9.770586900593234,2.3454365626934184,,True,False
SIB,sodium-ion,charge,2.0,100ms,0.9964776778842223,293.312351491282,0.9964776778842223,3403.7484982124124,0.0,-28.37767618759392,-26.37767618759394,1.9999999999999787,-4.37767618759392,,True,True
LFP,lithium-ion,charge,2.0,10s,0.9910251737220575,297.42138287791556,0.9993953429905096,309.30470925995627,207.31813013705474,-23.582826839327314,-35.07041427005664,-11.487587430729324,0.41717316067268584,,True,False
LTO,lithium-ion,charge,2.0,10s,0.9653630073613287,86.6552451041043,0.9983843037559832,31.713390538077707,242.5832448583967,-29.081438453871826,-42.40721989245014,-13.32578143857831,-5.081438453871826,,True,False
NMC,lithium-ion,charge,2.0,10s,0.973731875989192,220.16423162929496,0.9998209969647927,93.86937153045228,238.50498973258823,-21.08896034080237,-44.03250387140766,-22.943543530605293,2.9110396591976304,,True,False
SIB,sodium-ion,charge,2.0,10s,0.9558050540104537,163.58393699778617,0.9558050540104543,1898.312761317307,0.0,-21.360981015836103,-19.360981015836177,1.9999999999999254,2.639018984163897,,True,True
LFP,lithium-ion,charge,2.0,1s,0.9924463145189583,297.0264115014263,0.9993091202584611,353.09313056675165,201.27135134139064,-24.465220394037175,-34.42434585954739,-9.959125465510212,-0.46522039403717486,,True,False
LTO,lithium-ion,charge,2.0,1s,0.9461788910796556,71.53340863447052,0.9992390296374468,16.670357176493475,252.5287254853898,-28.695087789727815,-47.98922087275112,-19.294133083023304,-4.695087789727815,,True,False
NMC,lithium-ion,charge,2.0,1s,0.9746214190024325,226.38815030230597,0.9986231343757443,109.24943862510318,235.04839567849274,-20.987006849408584,-33.55748645614932,-12.570479606740737,3.0129931505914165,,True,False
SIB,sodium-ion,charge,2.0,1s,0.9877052954950467,249.6288482400884,0.9877052954950469,2896.8224931126006,0.0,-23.695852247592587,-21.695852247592676,1.9999999999999112,0.3041477524074132,,True,True
LFP,lithium-ion,charge,2.0,end,0.960092981014369,198.89953075061987,0.9600929810143688,2308.133209002259,0.0,-19.98713565008325,-17.98713565008323,2.0000000000000213,4.01286434991675,,False,False
LTO,lithium-ion,charge,2.0,end,0.9650328832881098,86.04711448505367,0.9984401984502101,30.94363825666673,243.01565705957032,-29.102724715280416,-42.65197219452003,-13.549247479239611,-5.1027247152804165,,True,False
NMC,lithium-ion,charge,2.0,end,0.9850756928556413,211.12759166385783,0.999951708943317,142.8990583980627,224.24653925944435,-24.39280885256393,-51.06030951768003,-26.6675006651161,-0.39280885256393105,,True,False
SIB,sodium-ion,charge,2.0,end,0.9713160208738796,165.4480346288068,0.9713160208738794,1919.9447160571897,0.0,-23.48951976362966,-21.48951976362963,2.0000000000000284,0.5104802363703413,,False,False
LFP,lithium-ion,charge,2.0,fast,0.9943032711969025,217.078342061834,0.9943032711969023,2519.089554295035,0.0,-29.02091196869185,-27.020911968691607,2.0000000000002416,-5.020911968691848,,False,False
LTO,lithium-ion,charge,2.0,fast,0.9526019330931409,70.28216990528536,0.9965061408979663,19.82398776081211,248.6370156748273,-29.540801191170473,-40.57867399170284,-11.03787280053237,-5.540801191170473,,True,False
NMC,lithium-ion,charge,2.0,fast,0.9846941579630233,206.58090135191483,0.9974645784315349,165.15112567976016,218.19749966477727,-24.482360547151547,-31.471733875085533,-6.989373327933986,-0.4823605471515471,,True,False
SIB,sodium-ion,charge,2.0,fast,0.9987322576817041,269.1991196893284,0.9987322576817041,3123.926062792795,0.0,-34.3562579895803,-32.356257989580236,2.000000000000064,-10.3562579895803,,True,False
LFP,lithium-ion,charge,3.0,100ms,0.9960371467202481,220.6569788163045,0.9960371467202481,2560.6179093634332,0.0,-30.676644656044154,-28.676644656044168,1.9999999999999858,-6.676644656044154,,True,True
LTO,lithium-ion,charge,3.0,100ms,0.9521130015351892,71.30766207042944,0.9996250179482006,18.127654088847954,250.7803806343906,-29.34083922153006,-51.589444985535216,-22.248605764005156,-5.340839221530061,,True,False
NMC,lithium-ion,charge,3.0,100ms,0.9849055758769305,209.2425420661633,0.997462784157778,171.15685866603232,217.30566144533967,-24.415781659703626,-31.332071947288604,-6.916290287584978,-0.4157816597036259,,True,False
SIB,sodium-ion,charge,3.0,100ms,0.9935380899702021,252.26860817927383,0.9935380899702022,2927.455635163915,0.0,-26.822141411317638,-24.822141411317716,1.9999999999999218,-2.822141411317638,,True,True
LFP,lithium-ion,charge,3.0,10s,0.9650797836506299,322.2421003902141,0.9999620253873202,61.746034447108315,261.90336988313857,-13.64869260186417,-38.944306027551676,-25.295613425687506,,,True,False
LTO,lithium-ion,charge,3.0,10s,0.948139392538894,90.5297642999974,0.9921942876760498,26.60176661302658,247.75372086811348,-26.534601954925087,-34.00312034812241,-7.468518393197321,-2.534601954925087,,True,False
NMC,lithium-ion,charge,3.0,10s,0.9724851372097886,227.3774055724313,0.999476104590948,97.02686750311155,238.47460261993535,-20.519150700332474,-38.32509839734481,-17.805947697012336,3.4808492996675255,,True,False
SIB,sodium-ion,charge,3.0,10s,0.9513148509960906,123.99271321788292,0.9513148509960903,1438.8756875013232,0.0,-23.61047562069298,-21.61047562069295,2.000000000000032,0.38952437930701933,,False,False
LFP,lithium-ion,charge,3.0,1s,0.9805056575984493,283.09130282377623,0.9805056575984494,3285.138153727079,0.0,-20.140662906973716,-18.140662906973734,1.9999999999999822,3.8593370930262836,,True,True
LTO,lithium-ion,charge,3.0,1s,0.94239965545939,77.25950571839601,0.9963246743938772,18.01736053016022,252.50990050083468,-27.564483506110662,-39.323917607341734,-11.759434101231072,-3.564483506110662,,True,False
NMC,lithium-ion,charge,3.0,1s,0.9698331512302619,233.55310688737876,0.9991427337773315,93.42249291823538,240.2026794505146,-19.77742787108377,-35.58117968269697,-15.8037518116132,4.22257212891623,,True,False
SIB,sodium-ion,charge,3.0,1s,0.983070670578911,202.08980058515172,0.9830706705789111,2345.1547531103365,0.0,-24.171393943656362,-22.17139394365639,1.9999999999999716,-0.17139394365636207,,True,True
LFP,lithium-ion,charge,3.0,end,0.9861401210030574,163.283194960117,0.9861401210030574,1894.8227948911965,0.0,-27.37777708545586,-25.377777085455847,2.000000000000014,-3.377777085455861,,True,False
LTO,lithium-ion,charge,3.0,end,0.9622451343678348,87.74765884426722,0.9968885501840152,30.46389230137915,243.86230116861432,-28.507801176976322,-38.987928986830255,-10.480127809853933,-4.507801176976322,,True,False
NMC,lithium-ion,charge,3.0,end,0.9909692096680401,192.9096658003493,0.9986122590576324,223.3829568575047,202.61700838541609,-27.82761814506835,-35.19243155906154,-7.36481341399319,-3.8276181450683495,,True,False
SIB,sodium-ion,charge,3.0,end,0.9817820222183394,133.01069736883002,0.9817820222183393,1543.5250480025998,0.0,-27.980854889015703,-25.98085488901569,2.000000000000014,-3.9808548890157027,,False,False
LFP,lithium-ion,charge,3.0,fast,0.9948047034335394,198.5246755943865,0.9948047034335395,2303.7831955487227,0.0,-30.37346660724998,-28.37346660725005,1.999999999999929,-6.373466607249981,,True,True
LTO,lithium-ion,charge,3.0,fast,0.952230133336386,70.29764831460939,0.9982190519380796,19.04365129096567,249.48324073455757,-29.496353681153558,-43.94259965421753,-14.446245973063974,-5.496353681153558,,True,False
NMC,lithium-ion,charge,3.0,fast,0.9873855617443663,196.4589302832069,0.9967538187487411,198.65393101052314,208.66527729244345,-25.956179250327633,-30.74299297708439,-4.786813726756758,-1.956179250327633,,True,False
SIB,sodium-ion,charge,3.0,fast,0.9983518411560252,243.77404840044824,0.9983518411560254,2828.8803622742826,0.0,-34.02016547121283,-32.02016547121346,1.9999999999993676,-10.020165471212827,,True,True
LFP,lithium-ion,discharge,1.0,100ms,0.9964030924521033,278.2222229643364,0.9971416358895959,1167.404296123069,118.33458478062238,-28.84742090301468,-27.996545853066287,0.8508750499483924,-4.8474209030146795,,True,True
LTO,lithium-ion,discharge,1.0,100ms,0.9337259438414556,74.0217423891591,0.9991862451283473,13.917228058562406,256.39034030734854,-27.244982198671927,-47.244455246629734,-19.999473047957807,-3.244982198671927,,True,False
NMC,lithium-ion,discharge,1.0,100ms,0.9707743811170899,236.9281230929896,0.9983519385026676,101.13274199387048,238.47063649315726,-19.796720356888926,-32.173950039339076,-12.37722968245015,4.203279643111074,,True,False
SIB,sodium-ion,discharge,1.0,100ms,0.9962333248302419,360.4235099590076,0.997787796350094,1085.9776478089948,145.49313390771044,-25.96870793911495,-26.629725684725592,-0.6610177456106427,-1.9687079391149496,,True,True
LFP,lithium-ion,discharge,1.0,10s,0.996909788653175,259.26914546936246,0.998141405709943,863.2842883237087,137.7690968796297,-30.314672401655955,-30.85676760985219,-0.5420952081962369,-6.314672401655955,,True,True
LTO,lithium-ion,discharge,1.0,10s,0.9713368740423673,88.89622692406226,0.9996377103100812,35.9731169929548,239.96060517804122,-29.802260831942355,-49.656873960148296,-19.85461312820594,-5.802260831942355,,True,False
NMC,lithium-ion,discharge,1.0,10s,0.9782228324433395,220.5560685102474,0.9993005115984559,116.12789995751294,232.4224681763018,-22.021904249888475,-37.213244886011566,-15.19134063612309,1.9780957501115246,,True,False
SIB,sodium-ion,discharge,1.0,10s,0.9905799566870577,342.86714468460696,0.9972788954569679,438.9948242490245,197.73250839682905,-21.856385628093015,-26.065394661485954,-4.209009033392938,2.1436143719069847,,True,False
LFP,lithium-ion,discharge,1.0,1s,0.9962107728913925,284.08767266533505,0.9974555787234713,945.9288009314077,137.7690968796297,-28.377390308687524,-28.36868451510037,0.008705793587154176,-4.377390308687524,,True,True
LTO,lithium-ion,discharge,1.0,1s,0.9500725882990575,74.34562811527624,0.9987805545810605,18.912815598514012,250.76964144732236,-28.70424087927369,-45.2651108985674,-16.56087001929371,-4.704240879273691,,True,False
NMC,lithium-ion,discharge,1.0,1s,0.968551739305745,237.83066875969402,0.9987659748427096,93.58668802943122,240.6306966063199,-19.380748207437,-33.571060036033394,-14.190311828596393,4.619251792562999,,True,False
SIB,sodium-ion,discharge,1.0,1s,0.9939656506063593,372.88713360584035,0.9978436758500341,676.5195258687803,179.1681025866464,-23.260976717904427,-26.4062919859753,-3.145315268070874,0.7390232820955731,,True,False
LFP,lithium-ion,discharge,1.0,end,0.996909788653175,259.26914546936246,0.998141405709943,863.2842883237087,137.7690968796297,-30.314672401655955,-30.85676760985219,-0.5420952081962369,-6.314672401655955,,True,True
LTO,lithium-ion,discharge,1.0,end,0.9713368740423673,88.89622692406226,0.9996377103100812,35.9731169929548,239.96060517804122,-29.802260831942355,-49.656873960148296,-19.85461312820594,-5.802260831942355,,True,False
NMC,lithium-ion,discharge,1.0,end,0.9782228324433395,220.5560685102474,0.9993005115984559,116.12789995751294,232.4224681763018,-22.021904249888475,-37.213244886011566,-15.19134063612309,1.9780957501115246,,True,False
SIB,sodium-ion,discharge,1.0,end,0.9905799566870577,342.86714468460696,0.9972788954569679,438.9948242490245,197.73250839682905,-21.856385628093015,-26.065394661485954,-4.209009033392938,2.1436143719069847,,True,False
LFP,lithium-ion,discharge,1.0,fast,0.9948570207407285,234.70508919228496,0.9948570207407281,2723.6394607977836,0.0,-28.752769963738473,-26.752769963738167,2.0000000000003055,-4.752769963738473,,False,False
LTO,lithium-ion,discharge,1.0,fast,0.9569043938186698,71.59640492938942,0.9985068619097798,21.00881667044279,247.74311129192364,-29.852612112408096,-44.665317317954134,-14.812705205546038,-5.852612112408096,,True,False
NMC,lithium-ion,discharge,1.0,fast,0.9830534601837351,212.5478725806778,0.9976972601203634,153.0225922833324,222.05417963312107,-23.670373223191206,-31.65019325509266,-7.979820031901454,0.3296267768087944,,True,False
SIB,sodium-ion,discharge,1.0,fast,0.997855995189461,294.30875179266866,0.9978559951894611,3415.311243566343,0.0,-30.82093502050465,-28.82093502050484,1.9999999999998082,-6.820935020504649,,True,True
LFP,lithium-ion,discharge,2.0,100ms,0.9975341078239766,234.64602491467724,0.9975341078239767,2722.9540483179467,0.0,-32.44267493436705,-30.442674934367183,1.999999999999865,-8.442674934367048,,True,True
LTO,lithium-ion,discharge,2.0,100ms,0.9393953337269242,74.20311777647541,0.9998634611337976,15.029400072455166,255.10166455453032,-27.6985660556087,-56.17615536620875,-28.477589310600045,-3.698566055608701,,True,False
NMC,lithium-ion,discharge,2.0,100ms,0.9775682512331867,222.105034565602,0.9980495878581631,121.96384761843389,231.1559381698206,-21.809411556682264,-32.02159458663408,-10.212183029951817,2.1905884433177363,,True,False
SIB,sodium-ion,discharge,2.0,100ms,0.9980776917800979,310.8804096718569,0.9983157395356292,1897.4059119358888,81.61372826262333,-30.833327552296247,-29.494327991947884,1.3389995603483626,-6.833327552296247,,True,True
LFP,lithium-ion,discharge,2.0,10s,0.9991684152276908,214.39321647464257,0.9992221171422131,1780.2373594112935,45.77835620921762,-38.788401663241196,-37.12218816351667,1.6662134997245275,-14.788401663241196,,True,True
LTO,lithium-ion,discharge,2.0,10s,0.965859439098585,86.22146646677042,0.9973413050488191,33.22176020742224,241.2656420702168,-29.205774226945323,-39.96902804763345,-10.763253820688128,-5.205774226945323,,True,False
NMC,lithium-ion,discharge,2.0,10s,0.9869695294825125,204.7806362110328,0.9993765523077132,163.68380558110223,218.19392294534467,-25.385311482126692,-38.58421604149347,-13.198904559366778,-1.385311482126692,,True,False
SIB,sodium-ion,discharge,2.0,10s,0.9943302092508011,290.10789329259416,0.997970870209824,545.9272045357005,177.04565390304532,-26.097945004576985,-29.23567093357319,-3.137725928996204,-2.097945004576985,,True,False
LFP,lithium-ion,discharge,2.0,1s,0.9981128966958212,239.00457491501632,0.9981227601669085,2392.538687889914,21.161692964638334,-33.59908261811156,-31.62528504786023,1.9737975702513282,-9.59908261811156,,True,True
LTO,lithium-ion,discharge,2.0,1s,0.9492310007539663,75.59081846845586,0.9993092633029985,18.408954822435636,251.64265893345194,-28.45078822266224,-47.93720067957073,-19.48641245690849,-4.45078822266224,,True,False
NMC,lithium-ion,discharge,2.0,1s,0.9766228987954777,221.83775827732137,0.998478490223723,115.1427448482145,232.88420686641737,-21.61021676174664,-33.270485994160666,-11.660269232414027,2.3897832382533615,,True,False
SIB,sodium-ion,discharge,2.0,1s,0.9970409501891896,320.78012762052305,0.9986146420419745,949.8254944352932,146.81834713911076,-28.357947192233993,-30.152495428463553,-1.7945482362295593,-4.357947192233993,,True,True
LFP,lithium-ion,discharge,2.0,end,0.9992276240000231,215.96531046250922,0.9993980934096497,1425.7410063389107,72.98624716375262,-39.08494671734992,-38.33179276894951,0.75315394840041,-15.084946717349922,,True,True
LTO,lithium-ion,discharge,2.0,end,0.965859439098585,86.22146646677042,0.9973413050488191,33.22176020742224,241.2656420702168,-29.205774226945323,-39.96902804763345,-10.763253820688128,-5.205774226945323,,True,False
NMC,lithium-ion,discharge,2.0,end,0.9869695294825125,204.7806362110328,0.9993765523077132,163.68380558110223,218.19392294534467,-25.385311482126692,-38.58421604149347,-13.198904559366778,-1.385311482126692,,True,False
SIB,sodium-ion,discharge,2.0,end,0.9943302092508011,290.10789329259416,0.997970870209824,545.9272045357005,177.04565390304532,-26.097945004576985,-29.23567093357319,-3.137725928996204,-2.097945004576985,,True,False
LFP,lithium-ion,discharge,2.0,fast,0.995914137666997,212.54610301957297,0.9959141376669972,2466.4951041970485,0.0,-30.898844654780262,-28.898844654780476,1.9999999999997868,-6.898844654780262,,True,True
LTO,lithium-ion,discharge,2.0,fast,0.9555284940738039,70.52221888000798,0.9981855094607429,20.290707592275048,248.18365331237356,-29.840106525980616,-43.83532619661277,-13.995219670632153,-5.840106525980616,,True,False
NMC,lithium-ion,discharge,2.0,fast,0.9856444771942786,202.80788611205196,0.997678417339399,169.57955506387245,216.46565424874788,-24.991174899474036,-32.10060289088705,-7.109427991413018,-0.9911748994740357,,True,False
SIB,sodium-ion,discharge,2.0,fast,0.9982621862525428,272.7728581883502,0.9982621862525428,3165.3975759670498,0.0,-32.64643450234649,-30.646434502346402,2.0000000000000853,-8.646434502346487,,True,False
LFP,lithium-ion,discharge,3.0,100ms,0.9980665629370796,207.18766673098202,0.9980665629370798,2404.3130331818647,0.0,-34.9087937584427,-32.908793758443316,1.9999999999993818,-10.908793758442698,,True,True
LTO,lithium-ion,discharge,3.0,100ms,0.9460485575331228,74.85566870751236,0.9981634585972914,17.84304077607467,252.07179974266825,-28.22677154150429,-43.12777303187449,-14.901001490370199,-4.2267715415042915,,True,False
NMC,lithium-ion,discharge,3.0,100ms,0.9823759565024475,209.24665999719127,0.9977823944020847,145.28189712840583,223.3502511210634,-23.627924201160255,-31.99210431746304,-8.364180116302784,0.3720757988397452,,True,False
SIB,sodium-ion,discharge,3.0,100ms,0.9982417927523748,283.54951223338327,0.9987419721257441,1357.1061045096553,106.23701053532332,-32.20543201271002,-31.87917883762173,0.32625317508829,-8.20543201271002,,True,True
LFP,lithium-ion,discharge,3.0,10s,0.9988882567692624,188.40614193236257,0.9988882567692624,2186.362488302272,0.0,-38.63000881864751,-36.630008818647724,1.9999999999997868,-14.63000881864751,,True,True
LTO,lithium-ion,discharge,3.0,10s,0.937310130112227,79.680231965847,0.9997596798941458,15.352364041746927,255.96313112806106,-26.805199074222443,-52.62511577288327,-25.819916698660826,-2.8051990742224433,,True,False
NMC,lithium-ion,discharge,3.0,10s,0.9917283756514934,188.6878329095296,0.9997595998442881,204.37970518336877,205.6377553841899,-28.491663684363182,-44.18307034897107,-15.69140666460789,-4.491663684363182,,True,False
SIB,sodium-ion,discharge,3.0,10s,0.9953750021917734,256.2158130701007,0.9986222792540563,510.5725950830151,173.60682209430885,-28.368812523974483,-32.424039507586556,-4.055226983612073,-4.3688125239744835,,True,False
LFP,lithium-ion,discharge,3.0,1s,0.9984095624942131,211.28254832830697,0.9984095624942131,2451.832160884425,0.0,-35.6912490486101,-33.69124904861013,1.9999999999999716,-11.691249048610104,,True,True
LTO,lithium-ion,discharge,3.0,1s,0.9369776214615076,77.18528943582126,0.9998876906653421,14.875242539202235,255.96313112806106,-27.09510134840724,-56.74504223039125,-29.64994088198401,-3.0951013484072405,,True,False
NMC,lithium-ion,discharge,3.0,1s,0.9804095816179541,208.56842873577185,0.9984135056542771,125.92043468807613,228.1023841236392,-23.121489002391087,-33.68905810542704,-10.56756910303595,0.8785109976089132,,True,False
SIB,sodium-ion,discharge,3.0,1s,0.9973375212079058,289.12816413763716,0.9987174795545666,906.2417901481025,142.5130629132386,-29.931253113011515,-31.583404742006955,-1.6521516289954405,-5.931253113011515,,True,True
LFP,lithium-ion,discharge,3.0,end,0.9990415051565236,191.4299691567519,0.9990645504823564,1775.0106560338884,31.528920840875138,-39.21315681054189,-37.33484181752367,1.878314993018222,-15.21315681054189,,True,True
LTO,lithium-ion,discharge,3.0,end,0.937310130112227,79.680231965847,0.9997596798941458,15.352364041746927,255.96313112806106,-26.805199074222443,-52.62511577288327,-25.819916698660826,-2.8051990742224433,,True,False
NMC,lithium-ion,discharge,3.0,end,0.9914603728868586,189.56840075464174,0.9997593165719939,201.37897645741393,206.5017795664764,-28.284320702236506,-44.129271347278475,-15.844950645041969,-4.284320702236506,,True,False
SIB,sodium-ion,discharge,3.0,end,0.9951319064378068,257.3520306769095,0.998206169405565,531.1410931437849,171.44753326229008,-28.067210683328746,-31.05895600618451,-2.9917453228557633,-4.067210683328746,,True,False
LFP,lithium-ion,discharge,3.0,fast,0.9967721271815556,192.24600136809278,0.9967721271815558,2230.922206709159,0.0,-33.08817624648116,-31.088176246481424,1.999999999999737,-9.088176246481162,,True,True
LTO,lithium-ion,discharge,3.0,fast,0.9523451311779348,70.93158179743013,0.9981967422976635,19.21416894430759,249.47757881907305,-29.41889835352996,-43.790848053386256,-14.371949699856295,-5.418898353529961,,True,False
NMC,lithium-ion,discharge,3.0,fast,0.9867370504095434,194.12934329506862,0.9970877679199779,182.74576337650197,211.68592466019547,-25.82141104142279,-31.401683930281102,-5.58027288885831,-1.8214110414227918,,True,False
SIB,sodium-ion,discharge,3.0,fast,0.9993460539525516,257.74552438900946,0.9995171157811333,1701.8351680954743,72.98396252223432,-38.11022548194654,-37.626465178808886,0.4837603031376574,-14.110225481946543,,True,True
