cell_id,cell_family,chemistry_type,temperature_deg_c,direction,smoothing_window_segments,capacity_window,window_lower_fraction,window_upper_fraction,window_width_fraction,n_points,ocv_slope_penalty_v,mean_abs_dv_dcapacity_fraction_v,median_abs_dv_dcapacity_fraction_v,max_abs_dv_dcapacity_fraction_v,mean_dv_dcapacity_fraction_v,voltage_span_v,mean_smoothed_ocv_v,ocv_slope_penalty_vs_25c
TC23LFP09,LFP,lithium-ion,5.0,charge,5,central_20_80,0.2,0.8,0.6000000000000001,49,0.08994382478022422,0.11711887059460863,0.0961463931067783,0.6856275155207427,0.11711887059460863,0.08678203858495381,3.263264666052245,1.2825058047039588
TC23LFP09,LFP,lithium-ion,15.0,charge,5,central_20_80,0.2,0.8,0.6000000000000001,54,0.06491492054081693,0.11300256811145723,0.0678981978706048,0.4675287413719502,0.11300256811145723,0.06480997079377149,3.3235154316260327,0.925619547633456
TC23LFP09,LFP,lithium-ion,25.0,charge,5,central_20_80,0.2,0.8,0.6000000000000001,60,0.07013131983522365,0.12019889002309678,0.05854199676437588,0.5136587242116093,0.12019889002309678,0.07003596608438212,3.3232873329670247,1.0
TC23LFP09,LFP,lithium-ion,35.0,charge,5,central_20_80,0.2,0.8,0.6000000000000001,60,0.07294457992292323,0.1256089578343264,0.047482868358912356,0.5337133112440142,0.1256089578343264,0.07285876646033618,3.3200366621737287,1.0401141757250463
TC23LFP09,LFP,lithium-ion,45.0,charge,5,central_20_80,0.2,0.8,0.6000000000000001,60,0.07424160676089184,0.12779272341949385,0.04367381331340425,0.5449565737403645,0.12779272341949385,0.07415572879523147,3.318843965438305,1.058608435365618
TC23LFP09,LFP,lithium-ion,5.0,discharge,5,central_20_80,0.2,0.8,0.6000000000000001,59,0.1041670666845312,0.17718154412104045,0.16466907809055442,0.3387416865558919,-0.17718154412104045,-0.10410030035092044,3.253147478432402,1.103556276180959
TC23LFP09,LFP,lithium-ion,15.0,discharge,5,central_20_80,0.2,0.8,0.6000000000000001,60,0.10523509284724253,0.17837151618441188,0.1652056785337095,0.40638297622803066,-0.17837151618441188,-0.10535911673478981,3.2716402583407445,1.1148710516901417
TC23LFP09,LFP,lithium-ion,25.0,discharge,5,central_20_80,0.2,0.8,0.6000000000000001,60,0.09439216552237713,0.16065684177715459,0.1384081823150467,0.47400749566361355,-0.16065684177715459,-0.09433493688817007,3.280683391797392,1.0
TC23LFP09,LFP,lithium-ion,35.0,discharge,5,central_20_80,0.2,0.8,0.6000000000000001,60,0.08937595039271544,0.1526358374215415,0.11117538148150174,0.4846094489237487,-0.1526358374215415,-0.0892996713526899,3.287081739316213,0.9468577174609633
TC23LFP09,LFP,lithium-ion,45.0,discharge,5,central_20_80,0.2,0.8,0.6000000000000001,60,0.08959536179296203,0.15285079518540906,0.10065291107392227,0.48428180810302024,-0.15285079518540906,-0.08949040110782613,3.290038050520755,0.9491821836815689
TC23LTO09,LTO,lithium-ion,5.0,charge,5,central_20_80,0.2,0.8,0.6000000000000001,57,0.1449017840796903,0.24700546337604398,0.29499256165411225,0.4660687643043815,0.24700546337604398,0.1447773263308556,2.4106115875344316,0.8756300766781139
TC23LTO09,LTO,lithium-ion,15.0,charge,5,central_20_80,0.2,0.8,0.6000000000000001,58,0.15796745802087808,0.2688494552475157,0.32197634916111895,0.5144341856887849,0.2688494552475157,0.15782445297253211,2.409259542265662,0.9545849159689922
TC23LTO09,LTO,lithium-ion,25.0,charge,5,central_20_80,0.2,0.8,0.6000000000000001,58,0.16548287677532225,0.2825276513314823,0.335533732168777,0.5019442022308596,0.2825276513314823,0.16533990311407987,2.406451608023209,1.0
TC23LTO09,LTO,lithium-ion,35.0,charge,5,central_20_80,0.2,0.8,0.6000000000000001,59,0.17952176343874807,0.3021747862126998,0.35062314068336775,0.5315300403899954,0.3021747862126998,0.1794170660695702,2.406620036585985,1.0848358871745174
TC23LTO09,LTO,lithium-ion,45.0,charge,5,central_20_80,0.2,0.8,0.6000000000000001,58,0.18393775829458853,0.3136621934155062,0.36130701376420404,0.5405069525230459,0.3136621934155062,0.18391870625587803,2.4031983771112446,1.1115213965268602
TC23LTO09,LTO,lithium-ion,5.0,discharge,5,central_20_80,0.2,0.8,0.6000000000000001,60,0.16640789276934762,0.28222063110090995,0.3304233637716578,0.6150895655906794,-0.28222063110090995,-0.16629364044168726,2.412118057473973,0.9276414046843809
TC23LTO09,LTO,lithium-ion,15.0,discharge,5,central_20_80,0.2,0.8,0.6000000000000001,60,0.17394257154105325,0.2950599902926027,0.33910126472302693,0.642021132957936,-0.2950599902926027,-0.17384724007633956,2.410644851215262,0.9696434989559458
TC23LTO09,LTO,lithium-ion,25.0,discharge,5,central_20_80,0.2,0.8,0.6000000000000001,60,0.17938816867059307,0.3036786109394285,0.3423683587585984,0.6466176684525919,-0.3036786109394285,-0.17926446809715202,2.408053228983709,1.0
TC23LTO09,LTO,lithium-ion,35.0,discharge,5,central_20_80,0.2,0.8,0.6000000000000001,60,0.18663676308591312,0.3156283495390667,0.35489314966486774,0.6184411576372781,-0.3156283495390667,-0.18651287178697018,2.4063180628723484,1.040407315984314
TC23LTO09,LTO,lithium-ion,45.0,discharge,5,central_20_80,0.2,0.8,0.6000000000000001,60,0.19245472179086348,0.32291334053010345,0.3629758414511315,0.5841866063086343,-0.32291334053010345,-0.1923878937250354,2.40288206519342,1.0728395479874944
TC23NMC09,NMC,lithium-ion,5.0,charge,5,central_20_80,0.2,0.8,0.6000000000000001,54,0.4150362544430414,0.7034339369689585,0.6348883314232694,0.9942368945369253,0.7034339369689585,0.41516984580019267,3.8363596587243753,0.9537009814932025
TC23NMC09,NMC,lithium-ion,15.0,charge,5,central_20_80,0.2,0.8,0.6000000000000001,57,0.4354224692592162,0.7321711575449299,0.7049847709592427,1.0916930521760548,0.7321711575449299,0.4354992466097025,3.8502289883167267,1.0005459326775463
TC23NMC09,NMC,lithium-ion,25.0,charge,5,central_20_80,0.2,0.8,0.6000000000000001,58,0.4351848876082965,0.7397289429549957,0.6859990259624311,1.1718013882205014,0.7397289429549957,0.43519411489022986,3.8575738392252235,1.0
TC23NMC09,NMC,lithium-ion,35.0,charge,5,central_20_80,0.2,0.8,0.6000000000000001,58,0.4371298088386277,0.7430842450321521,0.6932852089663584,1.1903389084170328,0.7430842450321521,0.43713932960183355,3.857170723397565,1.0044691837554842
TC23NMC09,NMC,lithium-ion,45.0,charge,5,central_20_80,0.2,0.8,0.6000000000000001,59,0.44047669351082713,0.7468172496015474,0.6857624996020775,1.2511613733829563,0.7468172496015474,0.440457637051042,3.8574357631096188,1.0121599027291905
TC23NMC09,NMC,lithium-ion,5.0,discharge,5,central_20_80,0.2,0.8,0.6000000000000001,60,0.44893491126586643,0.7594780441586214,0.7093496263476169,1.2814462368087902,-0.7594780441586214,-0.4490394666610582,3.8368819848969364,0.989971118563931
TC23NMC09,NMC,lithium-ion,15.0,discharge,5,central_20_80,0.2,0.8,0.6000000000000001,60,0.4526539084342432,0.7607934578126868,0.7220122320928226,1.2790798043082816,-0.7607934578126868,-0.45266290582973223,3.839822056152221,0.9981720842146814
TC23NMC09,NMC,lithium-ion,25.0,discharge,5,central_20_80,0.2,0.8,0.6000000000000001,60,0.45348283687012914,0.7683034578433899,0.7336918384680047,1.3412250428817174,-0.7683034578433899,-0.45350201805827073,3.8410902598612555,1.0
TC23NMC09,NMC,lithium-ion,35.0,discharge,5,central_20_80,0.2,0.8,0.6000000000000001,60,0.45271060603136265,0.7625116869436188,0.7218226725648265,1.3295554940619922,-0.7625116869436188,-0.45270104729466887,3.846000973471433,0.9982971112113166
TC23NMC09,NMC,lithium-ion,45.0,discharge,5,central_20_80,0.2,0.8,0.6000000000000001,60,0.45579937297564527,0.7734462189672348,0.7312944319255763,1.3842065472636307,-0.7734462189672348,-0.45579050595427306,3.8429693627003085,1.0051083214560104
TC23SIB09,SIB,sodium-ion,5.0,charge,5,central_20_80,0.2,0.8,0.6000000000000001,63,0.6318718098086702,1.0690287529904476,1.1679943810538873,1.2441270092824368,1.0690287529904476,0.6318053852673247,3.1396776816088203,0.7244664047803748
TC23SIB09,SIB,sodium-ion,15.0,charge,5,central_20_80,0.2,0.8,0.6000000000000001,56,0.8630323933470815,1.4605997157185324,1.5846123932374923,1.7701037047072532,1.4605997157185324,0.8625935093294581,3.197000992668272,0.9895012968001903
TC23SIB09,SIB,sodium-ion,25.0,charge,5,central_20_80,0.2,0.8,0.6000000000000001,48,0.8721892494107093,1.5089231623772985,1.6469328938464045,1.9109675161186601,1.5089231623772985,0.8713701741003397,3.1557770164105903,1.0
TC23SIB09,SIB,sodium-ion,35.0,charge,5,central_20_80,0.2,0.8,0.6000000000000001,52,0.8971852539378703,1.5295799065014775,1.7138286194896466,1.9071966602937493,1.5295799065014775,0.8963645889913279,3.1319484204799712,1.0286589229849479
TC23SIB09,SIB,sodium-ion,45.0,charge,5,central_20_80,0.2,0.8,0.6000000000000001,54,0.9409061753567538,1.6013546607065905,1.7445546819670739,2.334201475846882,1.6013546607065905,0.9399807969614042,3.130427153662938,1.0787867151452197
TC23SIB09,SIB,sodium-ion,5.0,discharge,5,central_20_80,0.2,0.8,0.6000000000000001,53,0.9106742132951421,1.5468131923584045,1.6298802550236644,1.7364934762731252,-1.5468131923584045,-0.9102927743885982,3.1610464952195008,0.9655297412494462
TC23SIB09,SIB,sodium-ion,15.0,discharge,5,central_20_80,0.2,0.8,0.6000000000000001,54,0.8908592015296345,1.5116463549668064,1.692464985918761,1.8648832767485999,-1.5116463549668064,-0.8902209236517118,3.1249647044939444,0.9445211490399678
TC23SIB09,SIB,sodium-ion,25.0,discharge,5,central_20_80,0.2,0.8,0.6000000000000001,54,0.943186081577023,1.5862814315675522,1.7562106787693352,2.0533254839111805,-1.5862814315675522,-0.9421177240360556,3.1396560781321594,1.0
TC23SIB09,SIB,sodium-ion,35.0,discharge,5,central_20_80,0.2,0.8,0.6000000000000001,57,0.9362318791442201,1.5907980650636255,1.8337514172961846,2.180234831788624,-1.5907980650636255,-0.9352108704554922,3.115049877610517,0.9926269030378657
TC23SIB09,SIB,sodium-ion,45.0,discharge,5,central_20_80,0.2,0.8,0.6000000000000001,59,0.9597287752395546,1.6392665136697608,1.8173592874088627,2.552761515025793,-1.6392665136697608,-0.9586789088645844,3.113654738642672,1.0175391621925463
