member_path,file_name,cell_id,cell_family,chemistry_type,temperature_deg_c,voltage_v,direction,soc_percent,dudt_v_per_k,dudt_mv_per_k,entropic_heat_sensitivity_v_at_25c
data_dUdT/a_dUdT_discharge_LFP.npy,a_dUdT_discharge_LFP.npy,,LFP,lithium-ion,,,discharge,100,0.00012449973693875704,0.12449973693875703,0.037119596568290406
data_dUdT/a_dUdT_discharge_LFP.npy,a_dUdT_discharge_LFP.npy,,LFP,lithium-ion,,,discharge,90,3.2204960946500566e-05,0.03220496094650056,0.009601909106199144
data_dUdT/a_dUdT_discharge_LFP.npy,a_dUdT_discharge_LFP.npy,,LFP,lithium-ion,,,discharge,80,1.2342017979551988e-05,0.012342017979551988,0.0036797726606034253
data_dUdT/a_dUdT_discharge_LFP.npy,a_dUdT_discharge_LFP.npy,,LFP,lithium-ion,,,discharge,70,-3.844670054367193e-06,-0.0038446700543671927,0.0011462883767095785
data_dUdT/a_dUdT_discharge_LFP.npy,a_dUdT_discharge_LFP.npy,,LFP,lithium-ion,,,discharge,60,0.00014359146577290184,0.14359146577290186,0.04281179552019068
data_dUdT/a_dUdT_discharge_LFP.npy,a_dUdT_discharge_LFP.npy,,LFP,lithium-ion,,,discharge,50,0.00015421657751526105,0.15421657751526105,0.04597967258617508
data_dUdT/a_dUdT_discharge_LFP.npy,a_dUdT_discharge_LFP.npy,,LFP,lithium-ion,,,discharge,40,0.00013756007559226387,0.13756007559226388,0.04101353653783347
data_dUdT/a_dUdT_discharge_LFP.npy,a_dUdT_discharge_LFP.npy,,LFP,lithium-ion,,,discharge,30,-5.2332326019070525e-05,-0.05233232601907052,0.015602883002585876
data_dUdT/a_dUdT_discharge_LFP.npy,a_dUdT_discharge_LFP.npy,,LFP,lithium-ion,,,discharge,20,-0.00012395715962151184,-0.12395715962151184,0.036957827141153754
data_dUdT/a_dUdT_discharge_LFP.npy,a_dUdT_discharge_LFP.npy,,LFP,lithium-ion,,,discharge,10,-0.00010937171645416681,-0.10937171645416681,0.03260917726080983
data_dUdT/a_dUdT_discharge_LFP.npy,a_dUdT_discharge_LFP.npy,,LFP,lithium-ion,,,discharge,0,-0.0007936548906724253,-0.7936548906724253,0.2366282056539836
data_dUdT/a_dUdT_discharge_LTO.npy,a_dUdT_discharge_LTO.npy,,LTO,lithium-ion,,,discharge,100,-0.0001259528689600447,-0.1259528689600447,0.03755284788043733
data_dUdT/a_dUdT_discharge_LTO.npy,a_dUdT_discharge_LTO.npy,,LTO,lithium-ion,,,discharge,90,2.7167484261940118e-05,0.027167484261940118,0.008099985432697446
data_dUdT/a_dUdT_discharge_LTO.npy,a_dUdT_discharge_LTO.npy,,LTO,lithium-ion,,,discharge,80,0.00021826933702103618,0.21826933702103618,0.06507700283282193
data_dUdT/a_dUdT_discharge_LTO.npy,a_dUdT_discharge_LTO.npy,,LTO,lithium-ion,,,discharge,70,-8.618867878771875e-05,-0.08618867878771876,0.025697154580558344
data_dUdT/a_dUdT_discharge_LTO.npy,a_dUdT_discharge_LTO.npy,,LTO,lithium-ion,,,discharge,60,-0.00015312793850715244,-0.15312793850715245,0.0456550948659075
data_dUdT/a_dUdT_discharge_LTO.npy,a_dUdT_discharge_LTO.npy,,LTO,lithium-ion,,,discharge,50,-0.00024836177186276587,-0.24836177186276587,0.07404906228088363
data_dUdT/a_dUdT_discharge_LTO.npy,a_dUdT_discharge_LTO.npy,,LTO,lithium-ion,,,discharge,40,-0.0003413379894391115,-0.34133798943911153,0.1017699215512711
data_dUdT/a_dUdT_discharge_LTO.npy,a_dUdT_discharge_LTO.npy,,LTO,lithium-ion,,,discharge,30,-0.0005442592228722455,-0.5442592228722455,0.16227088729935998
data_dUdT/a_dUdT_discharge_LTO.npy,a_dUdT_discharge_LTO.npy,,LTO,lithium-ion,,,discharge,20,-0.0005544713831532745,-0.5544713831532745,0.16531564288714878
data_dUdT/a_dUdT_discharge_LTO.npy,a_dUdT_discharge_LTO.npy,,LTO,lithium-ion,,,discharge,10,-0.0005989926900436349,-0.5989926900436349,0.17858967053650973
data_dUdT/a_dUdT_discharge_LTO.npy,a_dUdT_discharge_LTO.npy,,LTO,lithium-ion,,,discharge,0,-0.0006985509550675274,-0.6985509550675274,0.20827296725338326
data_dUdT/a_dUdT_discharge_NMC.npy,a_dUdT_discharge_NMC.npy,,NMC,lithium-ion,,,discharge,100,0.00012396128122799826,0.12396128122799827,0.036959055998127675
data_dUdT/a_dUdT_discharge_NMC.npy,a_dUdT_discharge_NMC.npy,,NMC,lithium-ion,,,discharge,90,0.00013689266013511143,0.13689266013511142,0.04081454661928347
data_dUdT/a_dUdT_discharge_NMC.npy,a_dUdT_discharge_NMC.npy,,NMC,lithium-ion,,,discharge,80,8.731372409320956e-06,0.008731372409320957,0.002603258683839043
data_dUdT/a_dUdT_discharge_NMC.npy,a_dUdT_discharge_NMC.npy,,NMC,lithium-ion,,,discharge,70,8.480299346766431e-05,0.08480299346766432,0.02528401250238411
data_dUdT/a_dUdT_discharge_NMC.npy,a_dUdT_discharge_NMC.npy,,NMC,lithium-ion,,,discharge,60,0.00020354527883963445,0.20354527883963444,0.06068702488603701
data_dUdT/a_dUdT_discharge_NMC.npy,a_dUdT_discharge_NMC.npy,,NMC,lithium-ion,,,discharge,50,0.00014282820957755248,0.1428282095775525,0.042584230685547265
data_dUdT/a_dUdT_discharge_NMC.npy,a_dUdT_discharge_NMC.npy,,NMC,lithium-ion,,,discharge,40,-0.00014179531135305207,-0.14179531135305207,0.04227627207991247
data_dUdT/a_dUdT_discharge_NMC.npy,a_dUdT_discharge_NMC.npy,,NMC,lithium-ion,,,discharge,30,-6.525098281811587e-05,-0.06525098281811587,0.019454580527221245
data_dUdT/a_dUdT_discharge_NMC.npy,a_dUdT_discharge_NMC.npy,,NMC,lithium-ion,,,discharge,20,-8.832348805351035e-05,-0.08832348805351035,0.02633364796315411
data_dUdT/a_dUdT_discharge_NMC.npy,a_dUdT_discharge_NMC.npy,,NMC,lithium-ion,,,discharge,10,-0.00047215942051145074,-0.4721594205114507,0.14077433122548902
data_dUdT/a_dUdT_discharge_NMC.npy,a_dUdT_discharge_NMC.npy,,NMC,lithium-ion,,,discharge,0,-0.0004713476094431832,-0.4713476094431832,0.14053228975548507
data_dUdT/a_dUdT_discharge_SIB.npy,a_dUdT_discharge_SIB.npy,,SIB,sodium-ion,,,discharge,100,8.49784068133174e-05,0.0849784068133174,0.025336311991390584
data_dUdT/a_dUdT_discharge_SIB.npy,a_dUdT_discharge_SIB.npy,,SIB,sodium-ion,,,discharge,90,-3.75571318499145e-05,-0.0375571318499145,0.011197658861052007
data_dUdT/a_dUdT_discharge_SIB.npy,a_dUdT_discharge_SIB.npy,,SIB,sodium-ion,,,discharge,80,-0.00021003922180833846,-0.21003922180833845,0.06262319398215611
data_dUdT/a_dUdT_discharge_SIB.npy,a_dUdT_discharge_SIB.npy,,SIB,sodium-ion,,,discharge,70,-0.0002592764359219546,-0.2592764359219546,0.07730326937013075
data_dUdT/a_dUdT_discharge_SIB.npy,a_dUdT_discharge_SIB.npy,,SIB,sodium-ion,,,discharge,60,-0.00022874283384720888,-0.22874283384720887,0.06819967591154533
data_dUdT/a_dUdT_discharge_SIB.npy,a_dUdT_discharge_SIB.npy,,SIB,sodium-ion,,,discharge,50,-0.0002719747861610448,-0.2719747861610448,0.0810892824939155
data_dUdT/a_dUdT_discharge_SIB.npy,a_dUdT_discharge_SIB.npy,,SIB,sodium-ion,,,discharge,40,-0.00034442945376394167,-0.3444294537639417,0.1026916416397192
data_dUdT/a_dUdT_discharge_SIB.npy,a_dUdT_discharge_SIB.npy,,SIB,sodium-ion,,,discharge,30,-0.0003870698711066432,-0.38706987110664315,0.11540488207044565
data_dUdT/a_dUdT_discharge_SIB.npy,a_dUdT_discharge_SIB.npy,,SIB,sodium-ion,,,discharge,20,-0.00037967788960055666,-0.37967788960055665,0.11320096278440596
data_dUdT/a_dUdT_discharge_SIB.npy,a_dUdT_discharge_SIB.npy,,SIB,sodium-ion,,,discharge,10,-0.00035559406679578655,-0.35559406679578653,0.10602037101516375
data_dUdT/a_dUdT_discharge_SIB.npy,a_dUdT_discharge_SIB.npy,,SIB,sodium-ion,,,discharge,0,-0.0004518139413798554,-0.45181394137985537,0.13470832662240387
data_dUdT/b_dUdT_charge_LFP.npy,b_dUdT_charge_LFP.npy,,LFP,lithium-ion,,,charge,100,0.0001534516671463215,0.1534516671463215,0.04575161455967575
data_dUdT/b_dUdT_charge_LFP.npy,b_dUdT_charge_LFP.npy,,LFP,lithium-ion,,,charge,90,4.2256103652452686e-05,0.042256103652452685,0.012598657303978767
data_dUdT/b_dUdT_charge_LFP.npy,b_dUdT_charge_LFP.npy,,LFP,lithium-ion,,,charge,80,1.534525929661157e-05,0.01534525929661157,0.004575189059284739
data_dUdT/b_dUdT_charge_LFP.npy,b_dUdT_charge_LFP.npy,,LFP,lithium-ion,,,charge,70,8.99325843500554e-06,0.008993258435005539,0.0026813400023969016
data_dUdT/b_dUdT_charge_LFP.npy,b_dUdT_charge_LFP.npy,,LFP,lithium-ion,,,charge,60,0.00013073980312496182,0.13073980312496183,0.038980072301707365
data_dUdT/b_dUdT_charge_LFP.npy,b_dUdT_charge_LFP.npy,,LFP,lithium-ion,,,charge,50,0.00012312843651018018,0.12312843651018018,0.036710743345510215
data_dUdT/b_dUdT_charge_LFP.npy,b_dUdT_charge_LFP.npy,,LFP,lithium-ion,,,charge,40,0.00011808864253963223,0.11808864253963224,0.03520812877319135
data_dUdT/b_dUdT_charge_LFP.npy,b_dUdT_charge_LFP.npy,,LFP,lithium-ion,,,charge,30,-1.1826097666443755e-05,-0.011826097666443755,0.003525951019250205
data_dUdT/b_dUdT_charge_LFP.npy,b_dUdT_charge_LFP.npy,,LFP,lithium-ion,,,charge,20,-0.00010628090954530121,-0.10628090954530121,0.03168765318093155
data_dUdT/b_dUdT_charge_LFP.npy,b_dUdT_charge_LFP.npy,,LFP,lithium-ion,,,charge,10,-0.0001158650044763523,-0.1158650044763523,0.034545151084624436
data_dUdT/b_dUdT_charge_LFP.npy,b_dUdT_charge_LFP.npy,,LFP,lithium-ion,,,charge,0,-0.0005370068932418484,-0.5370068932418484,0.16010860522005707
data_dUdT/b_dUdT_charge_LTO.npy,b_dUdT_charge_LTO.npy,,LTO,lithium-ion,,,charge,100,-0.00015419817405016125,-0.15419817405016126,0.04597418559305557
data_dUdT/b_dUdT_charge_LTO.npy,b_dUdT_charge_LTO.npy,,LTO,lithium-ion,,,charge,90,-0.00020235703413755114,-0.20235703413755116,0.06033274972811087
data_dUdT/b_dUdT_charge_LTO.npy,b_dUdT_charge_LTO.npy,,LTO,lithium-ion,,,charge,80,1.4712313888799736e-06,0.0014712313888799735,0.00043864763859456407
data_dUdT/b_dUdT_charge_LTO.npy,b_dUdT_charge_LTO.npy,,LTO,lithium-ion,,,charge,70,5.8399903412275565e-05,0.058399903412275564,0.01741193120236996
data_dUdT/b_dUdT_charge_LTO.npy,b_dUdT_charge_LTO.npy,,LTO,lithium-ion,,,charge,60,-0.00012333735185588525,-0.12333735185588525,0.03677303145583218
data_dUdT/b_dUdT_charge_LTO.npy,b_dUdT_charge_LTO.npy,,LTO,lithium-ion,,,charge,50,-0.00020308064044331824,-0.20308064044331825,0.060548492948175325
data_dUdT/b_dUdT_charge_LTO.npy,b_dUdT_charge_LTO.npy,,LTO,lithium-ion,,,charge,40,-0.0003034128279246383,-0.3034128279246383,0.09046253464573091
data_dUdT/b_dUdT_charge_LTO.npy,b_dUdT_charge_LTO.npy,,LTO,lithium-ion,,,charge,30,-0.0004371001428156755,-0.4371001428156755,0.13032140758049365
data_dUdT/b_dUdT_charge_LTO.npy,b_dUdT_charge_LTO.npy,,LTO,lithium-ion,,,charge,20,-0.0005567904485239247,-0.5567904485239248,0.16600707222740815
data_dUdT/b_dUdT_charge_LTO.npy,b_dUdT_charge_LTO.npy,,LTO,lithium-ion,,,charge,10,-0.0005577700201278768,-0.5577700201278768,0.16629913150112643
data_dUdT/b_dUdT_charge_LTO.npy,b_dUdT_charge_LTO.npy,,LTO,lithium-ion,,,charge,0,-0.0006314965135562375,-0.6314965135562375,0.1882806855167922
data_dUdT/b_dUdT_charge_NMC.npy,b_dUdT_charge_NMC.npy,,NMC,lithium-ion,,,charge,100,5.532853632005745e-05,0.05532853632005745,0.01649620310382513
data_dUdT/b_dUdT_charge_NMC.npy,b_dUdT_charge_NMC.npy,,NMC,lithium-ion,,,charge,90,5.028168668015499e-05,0.05028168668015499,0.014991484883688209
data_dUdT/b_dUdT_charge_NMC.npy,b_dUdT_charge_NMC.npy,,NMC,lithium-ion,,,charge,80,0.00013505643937472377,0.13505643937472378,0.040267077399573886
data_dUdT/b_dUdT_charge_NMC.npy,b_dUdT_charge_NMC.npy,,NMC,lithium-ion,,,charge,70,0.0001312084017410707,0.1312084017410707,0.03911978497910023
data_dUdT/b_dUdT_charge_NMC.npy,b_dUdT_charge_NMC.npy,,NMC,lithium-ion,,,charge,60,0.00012524450857586412,0.1252445085758641,0.03734165023189388
data_dUdT/b_dUdT_charge_NMC.npy,b_dUdT_charge_NMC.npy,,NMC,lithium-ion,,,charge,50,0.00014555277707341608,0.14555277707341607,0.043396560484439
data_dUdT/b_dUdT_charge_NMC.npy,b_dUdT_charge_NMC.npy,,NMC,lithium-ion,,,charge,40,8.871970475400091e-05,0.08871970475400091,0.02645177997240537
data_dUdT/b_dUdT_charge_NMC.npy,b_dUdT_charge_NMC.npy,,NMC,lithium-ion,,,charge,30,-0.00013499575583832897,-0.13499575583832896,0.04024898460319778
data_dUdT/b_dUdT_charge_NMC.npy,b_dUdT_charge_NMC.npy,,NMC,lithium-ion,,,charge,20,-7.046040078065557e-05,-0.07046040078065557,0.021007768492752456
data_dUdT/b_dUdT_charge_NMC.npy,b_dUdT_charge_NMC.npy,,NMC,lithium-ion,,,charge,10,-9.873123967568925e-05,-0.09873123967568925,0.029436719109306748
data_dUdT/b_dUdT_charge_NMC.npy,b_dUdT_charge_NMC.npy,,NMC,lithium-ion,,,charge,0,-0.0004188322240996227,-0.41883222409962273,0.1248748276153025
data_dUdT/b_dUdT_charge_SIB.npy,b_dUdT_charge_SIB.npy,,SIB,sodium-ion,,,charge,100,8.52167834080204e-05,0.0852167834080204,0.02540738397310128
data_dUdT/b_dUdT_charge_SIB.npy,b_dUdT_charge_SIB.npy,,SIB,sodium-ion,,,charge,90,2.5825884317596216e-05,0.025825884317596217,0.007699987409291311
data_dUdT/b_dUdT_charge_SIB.npy,b_dUdT_charge_SIB.npy,,SIB,sodium-ion,,,charge,80,-0.00015134500706176935,-0.15134500706176934,0.04512351385546653
data_dUdT/b_dUdT_charge_SIB.npy,b_dUdT_charge_SIB.npy,,SIB,sodium-ion,,,charge,70,-0.0002522980363695213,-0.2522980363695213,0.07522265954357277
data_dUdT/b_dUdT_charge_SIB.npy,b_dUdT_charge_SIB.npy,,SIB,sodium-ion,,,charge,60,-0.00022749725083701035,-0.22749725083701036,0.06782830533705463
data_dUdT/b_dUdT_charge_SIB.npy,b_dUdT_charge_SIB.npy,,SIB,sodium-ion,,,charge,50,-0.00026035400679157817,-0.26035400679157816,0.07762454712490903
data_dUdT/b_dUdT_charge_SIB.npy,b_dUdT_charge_SIB.npy,,SIB,sodium-ion,,,charge,40,-0.0003274772231294176,-0.3274772231294176,0.09763733407603585
data_dUdT/b_dUdT_charge_SIB.npy,b_dUdT_charge_SIB.npy,,SIB,sodium-ion,,,charge,30,-0.00038381714461376806,-0.3838171446137681,0.11443508166659494
data_dUdT/b_dUdT_charge_SIB.npy,b_dUdT_charge_SIB.npy,,SIB,sodium-ion,,,charge,20,-0.0002928173421297259,-0.2928173421297259,0.08730349055597776
data_dUdT/b_dUdT_charge_SIB.npy,b_dUdT_charge_SIB.npy,,SIB,sodium-ion,,,charge,10,-0.0003146026427415001,-0.31460264274150007,0.09379877793337825
data_dUdT/b_dUdT_charge_SIB.npy,b_dUdT_charge_SIB.npy,,SIB,sodium-ion,,,charge,0,-0.0003998466732806744,-0.3998466732806744,0.11921428563863307
