cell_id,cell_family,chemistry_type,temperature_deg_c,actual_temperature_mean_deg_c,discharge_capacity_ah,charge_capacity_ah,discharge_capacity_retention_vs_25c,charge_capacity_retention_vs_25c,discharge_usable_energy_wh,discharge_usable_energy_retention_vs_25c,discharge_mean_ocv_v,ocv_slope_charge_ocv_slope_penalty_v,ocv_slope_charge_ocv_slope_penalty_vs_25c,ocv_slope_charge_mean_abs_dv_dcapacity_fraction_v,ocv_slope_discharge_ocv_slope_penalty_v,ocv_slope_discharge_ocv_slope_penalty_vs_25c,ocv_slope_discharge_mean_abs_dv_dcapacity_fraction_v,pulse_1c_charge_median_r_fast_mohm,pulse_1c_charge_median_r_100ms_mohm,pulse_1c_charge_median_r_1s_mohm,pulse_1c_charge_median_r_10s_mohm,pulse_1c_charge_median_polarization_1s_mohm,pulse_1c_charge_median_polarization_10s_mohm,pulse_1c_charge_median_relaxation_end_mohm,pulse_1c_discharge_median_r_fast_mohm,pulse_1c_discharge_median_r_100ms_mohm,pulse_1c_discharge_median_r_1s_mohm,pulse_1c_discharge_median_r_10s_mohm,pulse_1c_discharge_median_polarization_1s_mohm,pulse_1c_discharge_median_polarization_10s_mohm,pulse_1c_discharge_median_relaxation_end_mohm,eis_series_resistance_mohm,eis_low_freq_zre_mohm,eis_arc_width_zre_mohm,eis_low_freq_to_pulse_r_1s_ratio,entropy_charge_mean_abs_dudt_mv_per_k,entropy_charge_max_abs_dudt_mv_per_k,entropy_charge_mean_ehs_v_at_25c,entropy_discharge_mean_abs_dudt_mv_per_k,entropy_discharge_max_abs_dudt_mv_per_k,entropy_discharge_mean_ehs_v_at_25c,bol_thermal_charge_mean_temperature_rise_max_k,bol_thermal_charge_median_temperature_rise_max_k,bol_thermal_charge_mean_abs_current_a,bol_thermal_discharge_mean_temperature_rise_max_k,bol_thermal_discharge_median_temperature_rise_max_k,bol_thermal_discharge_mean_abs_current_a
TC23LFP09,LFP,lithium-ion,5.0,5.683979587510265,1.7178332243021444,0.4271811017188225,0.956335840001904,0.2387733479154808,5.540024427291062,0.9481986451413128,3.1934046384358603,0.0899438247802242,1.2825058047039588,0.1171188705946086,0.1041670666845312,1.103556276180959,0.1771815441210404,132.4936933051954,177.1244863475499,208.4041874541494,260.34629274702604,78.5807125360979,127.08967990263888,250.6190686224119,130.2049346876403,168.4780649034482,188.94973920492112,217.3049154113103,60.7792566217696,88.6258198020396,209.167106993334,,,,,0.1239074614213737,0.5370068932418484,0.0369430096227825,0.1534159634151616,0.7936548906724253,0.0457409694922303,1.3836200000000003,1.3836200000000003,0.3605959916260451,2.028109999999998,2.028109999999998,0.3638442145871073
TC23LFP09,LFP,lithium-ion,15.0,15.567373894034164,1.7792773973046407,1.6104330130201208,0.9905424579496012,0.900153308667508,5.77300720248217,0.9880746338985492,3.211749207931819,0.0649149205408169,0.925619547633456,0.1130025681114572,0.1052350928472425,1.1148710516901417,0.1783715161844118,102.7398312769661,122.9571990653793,139.868582183993,171.9112028297842,37.128750907026806,70.18859760505602,166.1893062858866,100.5782259159473,116.3452297257735,127.7890228135623,150.6766089891198,27.8465631802634,51.369915638482894,143.0474135972696,,,,,0.1239074614213737,0.5370068932418484,0.0369430096227825,0.1534159634151616,0.7936548906724253,0.0457409694922303,1.3836200000000003,1.3836200000000003,0.3605959916260451,2.028109999999998,2.028109999999998,0.3638442145871073
TC23LFP09,LFP,lithium-ion,25.0,25.518895622060004,1.796265655273073,1.789065259787842,1.0,1.0,5.842683340330459,1.0,3.216324905581123,0.0701313198352236,1.0,0.1201988900230967,0.0943921655223771,1.0,0.1606568417771545,71.20582365730719,78.83501904915741,87.6085937497954,110.2418734122934,15.767003809833,39.54466278111171,105.0285898945212,69.679984578937,76.1648006620131,83.15822977121461,102.8669845335027,13.8597049618736,33.0598466980359,96.76362822001548,20.425700000000003,69.82979999999999,49.5599,0.8397220598865095,0.1239074614213737,0.5370068932418484,0.0369430096227825,0.1534159634151616,0.7936548906724253,0.0457409694922303,1.3836200000000003,1.3836200000000003,0.3605959916260451,2.028109999999998,2.028109999999998,0.3638442145871073
TC23LFP09,LFP,lithium-ion,35.0,35.3390774812547,1.7940554023822126,1.7929765582066202,0.998769528947808,1.002186224564688,5.842993854596824,1.0000531458318511,3.21975259175192,0.0729445799229232,1.0401141757250465,0.1256089578343264,0.0893759503927154,0.9468577174609633,0.1526358374215415,50.606996099298,53.150061229919295,58.1090382346253,75.02042135323241,7.6291953918502,23.9048122278087,69.5528313224073,50.352689586238505,52.768601460323296,57.346118695433496,73.2402757617963,6.9934291091950005,22.760432919027803,68.0269922440306,,,,,0.1239074614213737,0.5370068932418484,0.0369430096227825,0.1534159634151616,0.7936548906724253,0.0457409694922303,1.3836200000000003,1.3836200000000003,0.3605959916260451,2.028109999999998,2.028109999999998,0.3638442145871073
TC23LFP09,LFP,lithium-ion,45.0,45.26069671587335,1.800766462936664,1.8003779939068705,1.002505647007378,1.006323265211896,5.866736137070725,1.004116738036141,3.2185954979041207,0.0742416067608918,1.058608435365618,0.1277927234194938,0.089595361792962,0.9491821836815688,0.152850795185409,40.18042906376721,41.4519616290776,45.1394060684731,58.36334474768471,4.8318237481764,17.928609170858394,53.7858275125745,40.1804290637603,41.3248083725413,44.8850995554136,58.236191491155,4.7046704916467,18.31006894044729,53.5315209995085,,,,,0.1239074614213737,0.5370068932418484,0.0369430096227825,0.1534159634151616,0.7936548906724253,0.0457409694922303,1.3836200000000003,1.3836200000000003,0.3605959916260451,2.028109999999998,2.028109999999998,0.3638442145871073
TC23LTO09,LTO,lithium-ion,5.0,5.935158935389911,1.5017328206469986,1.435758307353432,0.9841020247123428,0.962903609049112,3.649523522113874,0.986051448611386,2.421708022551259,0.1449017840796903,0.8756300766781139,0.2470054633760439,0.1664078927693476,0.9276414046843808,0.2822206311009099,28.739289387083,30.1381043572528,32.6814043030118,41.2014591213037,4.0692799132154,11.826344747779295,37.6408391972427,28.739288626721105,30.1381035598818,32.6814034383524,41.0742930373047,4.3236097933986,12.462169404506202,37.7680031952926,,,,,0.2935831171124021,0.6314965135562375,0.0875318063670626,0.3269709381796774,0.6985509550675274,0.0974863852182707,0.49939,0.49939,0.3659725891488207,2.400734999999999,2.400734999999999,0.3666447767849575
TC23LTO09,LTO,lithium-ion,15.0,15.811795773665091,1.5138675542450344,1.4702553175356583,0.9920540490265128,0.9860393244656576,3.676462725712013,0.993330053769408,2.41621086225918,0.157967458020878,0.9545849159689922,0.2688494552475157,0.1739425715410532,0.9696434989559458,0.2950599902926027,24.7971744711613,25.1786694630222,27.4676394142004,34.4617142650358,2.7976299403326,9.028714807446402,31.6640843247094,24.6700088211672,25.0515038029348,27.5948036814116,34.2073833654357,2.7976298663218,8.7743845807268,31.7912484808877,,,,,0.2935831171124021,0.6314965135562375,0.0875318063670626,0.3269709381796774,0.6985509550675274,0.0974863852182707,0.49939,0.49939,0.3659725891488207,2.400734999999999,2.400734999999999,0.3666447767849575
TC23LTO09,LTO,lithium-ion,25.0,25.67092164773927,1.5259930199675806,1.49107168553587,1.0,1.0,3.701149191812803,1.0,2.4092040720256884,0.1654828767753222,1.0,0.2825276513314823,0.179388168670593,1.0,0.3036786109394285,21.8723795335346,22.6353695172633,24.5428444765808,30.2652693545398,2.4161349484719,8.1385598264313,28.4849593925093,21.9995439487744,22.6353689183936,24.7971738150962,30.1381035598818,2.5432998784702,8.2657246050298,28.6121236327985,13.5336,18.3195,6.050800000000001,0.7387737060925597,0.2935831171124021,0.6314965135562375,0.0875318063670626,0.3269709381796774,0.6985509550675274,0.0974863852182707,0.49939,0.49939,0.3659725891488207,2.400734999999999,2.400734999999999,0.3666447767849575
TC23LTO09,LTO,lithium-ion,35.0,35.53747302880697,1.525720775990997,1.4953812763887957,0.9998215955295854,1.002890264026023,3.6970207026716144,0.998884538577823,2.406924185652074,0.179521763438748,1.0848358871745174,0.3021747862126998,0.1866367630859131,1.040407315984314,0.3156283495390667,20.7278945579387,21.2365545470931,23.0168645091236,27.7219694087809,2.2889699511849,7.1212398481292,26.323154438611,20.7278940095361,21.1093889913103,23.0168639001613,27.467638687482506,2.2889698906186,6.739744677946399,25.941658760405694,,,,,0.2935831171124021,0.6314965135562375,0.0875318063670626,0.3269709381796774,0.6985509550675274,0.0974863852182707,0.49939,0.49939,0.3659725891488207,2.400734999999999,2.400734999999999,0.3666447767849575
TC23LTO09,LTO,lithium-ion,45.0,45.44496576605653,1.5354646618184038,1.508600144110325,1.0062068710189935,1.0117556109102532,3.7152517546933153,1.0038103200248474,2.4008111835427406,0.1839377582945885,1.1115213965268602,0.3136621934155062,0.1924547217908634,1.0728395479874944,0.3229133405301034,19.9649045742105,20.473564563365,22.2538745253958,26.450319435898,2.1618049538982,6.612579858974503,24.7971744711544,19.8377390520718,20.473564021691,22.253873936619502,25.941658760405694,2.1618048966957,6.485414690101301,24.7971738150897,,,,,0.2935831171124021,0.6314965135562375,0.0875318063670626,0.3269709381796774,0.6985509550675274,0.0974863852182707,0.49939,0.49939,0.3659725891488207,2.400734999999999,2.400734999999999,0.3666447767849575
TC23NMC09,NMC,lithium-ion,5.0,5.790313358071517,1.571218481198803,1.4100837017055454,0.9655686790436808,0.8943914088728394,5.972378229643568,0.9647288719392688,3.766594984130657,0.4150362544430414,0.9537009814932024,0.7034339369689585,0.4489349112658664,0.989971118563931,0.7594780441586214,80.2242963023498,93.57382262841352,101.13855421317956,117.3486933234034,21.994933851510748,37.76008875086545,111.1189143712371,78.9529128427187,92.3024391687818,99.0407715047989,114.93306475011848,20.8506887378537,38.5229188266423,109.466115873726,,,,,0.1322192431739622,0.4188322240996227,0.0394211673523167,0.1763307825305994,0.4721594205114507,0.0525730228114981,0.9621250000000005,0.9621250000000005,0.3602318869465257,1.6463099999999995,1.6463099999999995,0.3672926715105526
TC23NMC09,NMC,lithium-ion,15.0,15.702406405726135,1.614462554904274,1.5324222161132466,0.992143673943436,0.9719885870603246,6.138472897262949,0.991558438849859,3.752362768929789,0.4354224692592162,1.0005459326775463,0.7321711575449299,0.4526539084342432,0.9981720842146814,0.7607934578126868,54.2880737259975,57.5936707210202,61.1535444079722,75.0751932908688,7.501162411790601,20.9142579108327,70.8160587011254,53.9066586881038,56.830840645246695,60.6449910241144,75.01162411788009,7.246885719861599,21.994933851514208,70.0532286253453,,,,,0.1322192431739622,0.4188322240996227,0.0394211673523167,0.1763307825305994,0.4721594205114507,0.0525730228114981,0.9621250000000005,0.9621250000000005,0.3602318869465257,1.6463099999999995,1.6463099999999995,0.3672926715105526
TC23NMC09,NMC,lithium-ion,25.0,25.645695101300063,1.6272467358354772,1.5765845777550676,1.0,1.0,6.190732342899693,1.0,3.7566654894263247,0.4351848876082965,1.0,0.7397289429549957,0.4534828368701291,1.0,0.7683034578433899,39.6671639403093,40.81140905396981,43.0998992812902,54.4152120719548,3.814150378881,14.748048131652002,50.8553383850028,39.5400255943449,40.6842707080051,42.8456225893679,54.1609353800329,3.8141503788739,15.638016553390305,51.1096150769318,15.7847,31.0542,15.845499999999998,0.7247928288409577,0.1322192431739622,0.4188322240996227,0.0394211673523167,0.1763307825305994,0.4721594205114507,0.0525730228114981,0.9621250000000005,0.9621250000000005,0.3602318869465257,1.6463099999999995,1.6463099999999995,0.3672926715105526
TC23NMC09,NMC,lithium-ion,35.0,35.59049846204475,1.6361003942256505,1.5945470922599032,1.0054408825626726,1.011393308521648,6.220213358853792,1.0047621209125464,3.745940472739096,0.4371298088386277,1.0044691837554842,0.7430842450321521,0.4527106060313626,0.9982971112113166,0.7625116869436188,30.3860646850428,30.8946180688941,33.0559699502569,42.5913458974457,3.0513203031007,12.205281212402896,39.4128872483803,30.2589263390849,30.7674797229297,32.9288316042922,42.463951345025,3.1784586490582,12.3323451510965,39.285748902415904,,,,,0.1322192431739622,0.4188322240996227,0.0394211673523167,0.1763307825305994,0.4721594205114507,0.0525730228114981,0.9621250000000005,0.9621250000000005,0.3602318869465257,1.6463099999999995,1.6463099999999995,0.3672926715105526
TC23NMC09,NMC,lithium-ion,45.0,45.59288463167552,1.6390654182223403,1.6085084238723129,1.007262993451817,1.0202487367742126,6.231569247635324,1.0065964578136652,3.75341075108534,0.4404766935108271,1.0121599027291903,0.7468172496015474,0.4557993729756452,1.0051083214560104,0.7734462189672348,26.6990526521264,27.207606035977697,28.9875428794535,36.7429819831665,2.2884902273271,9.662514293146698,33.8188000260301,26.571914306168495,27.080467690013,28.8604045334889,36.6158436372021,2.415628573285,9.7896526391114,33.8188000260304,,,,,0.1322192431739622,0.4188322240996227,0.0394211673523167,0.1763307825305994,0.4721594205114507,0.0525730228114981,0.9621250000000005,0.9621250000000005,0.3602318869465257,1.6463099999999995,1.6463099999999995,0.3672926715105526
TC23SIB09,SIB,sodium-ion,5.0,5.916754995425852,1.284048916956514,1.521411041267123,0.8160716287061319,1.0594882016546805,4.05091640020908,0.8253307067316197,3.0132906803833626,0.6318718098086702,0.7244664047803748,1.0690287529904476,0.910674213295142,0.9655297412494462,1.5468131923584043,185.4549507566775,249.0540422370231,232.77267481805416,176.9326724983143,51.642462282038245,-5.405922775830047,151.74743227210018,183.1653786172832,257.8307100397398,286.5774986282914,296.75335299591546,107.1008672192727,117.27672158689678,290.3934440161471,,,,,0.2473725449709619,0.3998466732806744,0.0737541242830922,0.273741276277142,0.4518139413798553,0.0816159615220298,0.9483800000000002,0.9483800000000002,0.318130927494088,3.5263099999999987,3.5263099999999987,0.3349912527877308
TC23SIB09,SIB,sodium-ion,15.0,15.73717618601598,1.4003379576190595,1.4493296398922335,0.8899786158628923,1.0092917772539314,4.361815698475821,0.8886730994671524,2.9704867227554352,0.8630323933470815,0.9895012968001904,1.4605997157185324,0.8908592015296345,0.9445211490399678,1.5116463549668064,127.198182960684,152.765017735784,160.20611143898506,150.22105407657074,32.880730295337955,22.832073841445645,142.2075685500494,127.57977413412492,156.1993645430721,164.8488407555576,174.7702987639862,36.378679364262496,47.31772280946569,169.1735788617903,,,,,0.2473725449709619,0.3998466732806744,0.0737541242830922,0.273741276277142,0.4518139413798553,0.0816159615220298,0.9483800000000002,0.9483800000000002,0.318130927494088,3.5263099999999987,3.5263099999999987,0.3349912527877308
TC23SIB09,SIB,sodium-ion,25.0,25.61745157686871,1.5734512410293595,1.4359867706794878,1.0,1.0,4.908234198932275,1.0,2.9492282960153644,0.8721892494107093,1.0,1.5089231623772985,0.943186081577023,1.0,1.5862814315675522,81.2796389118798,87.63954805991591,90.3107099020919,98.5785917945324,9.7942600879698,18.570934712262204,93.745060842026,80.6436458634452,88.52993299835191,91.0738965902579,100.4865618803159,10.8118452655986,20.224510555656604,95.65303105569252,18.3851,87.9928,71.8138,0.9661692679723612,0.2473725449709619,0.3998466732806744,0.0737541242830922,0.273741276277142,0.4518139413798553,0.0816159615220298,0.9483800000000002,0.9483800000000002,0.318130927494088,3.5263099999999987,3.5263099999999987,0.3349912527877308
TC23SIB09,SIB,sodium-ion,35.0,35.51297346552396,1.5635489686880537,1.431710022751551,0.993706654465614,0.9970217358437686,4.833616481923758,0.9847974416084811,2.974862335336861,0.8971852539378703,1.028658922984948,1.5295799065014777,0.93623187914422,0.9926269030378656,1.5907980650636255,55.7128041367805,56.8575877834274,58.5111641619194,66.77904605436,3.8159454888229,12.465421930145904,62.0727132848162,55.7128026627559,56.8575862791147,58.5111626138574,67.1606388263364,4.7063326450257,13.4830070371023,62.5815043609017,,,,,0.2473725449709619,0.3998466732806744,0.0737541242830922,0.273741276277142,0.4518139413798553,0.0816159615220298,0.9483800000000002,0.9483800000000002,0.318130927494088,3.5263099999999987,3.5263099999999987,0.3349912527877308
TC23SIB09,SIB,sodium-ion,45.0,45.47405447378324,1.6249944583215998,1.48254080229847,1.03275806453241,1.032419540743369,5.009527817626754,1.020637486841299,3.003694496810893,0.9409061753567538,1.0787867151452195,1.6013546607065905,0.9597287752395546,1.0175391621925465,1.6392665136697608,40.5762203644654,41.08501309630381,42.4841931088699,51.769660465001,2.0351709273742,10.0486564538955,45.7913458658476,40.7034174705023,40.9578138296975,42.6113901644334,51.6424609157051,2.0351708735221,9.9214580084354,45.791344654314,,,,,0.2473725449709619,0.3998466732806744,0.0737541242830922,0.273741276277142,0.4518139413798553,0.0816159615220298,0.9483800000000002,0.9483800000000002,0.318130927494088,3.5263099999999987,3.5263099999999987,0.3349912527877308
